,retain,sim
0,True,0.2947065830230713
1,True,0.32712340354919434
2,True,0.3275890350341797
3,True,0.33921560645103455
4,True,0.29197442531585693
5,True,0.32938945293426514
6,False,0.2561682164669037
7,True,0.3653940260410309
8,True,0.2805246114730835
9,True,0.3099514842033386
10,True,0.3239690065383911
11,True,0.2960543930530548
12,True,0.33788001537323
13,True,0.2889251708984375
14,True,0.3433091342449188
15,True,0.3073563873767853
16,True,0.33907783031463623
17,True,0.2747003436088562
18,True,0.3081289529800415
19,True,0.29342934489250183
20,False,0.2479456663131714
21,True,0.366925984621048
22,True,0.267055481672287
23,True,0.26651036739349365
24,True,0.316456139087677
25,True,0.2673739492893219
26,False,0.25552114844322205
27,True,0.26830771565437317
28,True,0.34071844816207886
29,True,0.35645604133605957
30,True,0.32624730467796326
31,True,0.28252309560775757
32,True,0.33264851570129395
33,True,0.3276314437389374
34,True,0.30094975233078003
35,True,0.3230074346065521
36,True,0.300029456615448
37,True,0.3740907907485962
38,True,0.271289587020874
39,True,0.29432374238967896
40,True,0.3327866196632385
41,True,0.29859691858291626
42,True,0.3135109543800354
43,True,0.35515695810317993
44,False,0.2431219071149826
45,True,0.3226141333580017
46,True,0.281510591506958
47,True,0.38284918665885925
48,True,0.3095105290412903
49,True,0.32605409622192383
50,True,0.2818760573863983
51,True,0.3680463135242462
52,True,0.2912676930427551
53,False,0.20291996002197266
54,False,0.2491302788257599
55,True,0.33817797899246216
56,True,0.30152133107185364
57,True,0.3143617510795593
58,True,0.315939337015152
59,True,0.3113555908203125
60,True,0.31486883759498596
61,True,0.2987859845161438
62,True,0.3245393931865692
63,True,0.3745322525501251
64,True,0.27421489357948303
65,True,0.26238906383514404
66,True,0.3236936926841736
67,True,0.2882455289363861
68,True,0.3117322325706482
69,True,0.31315478682518005
70,False,0.22938452661037445
71,True,0.30261972546577454
72,True,0.327053040266037
73,True,0.2893798053264618
74,True,0.3081250488758087
75,True,0.263255774974823
76,True,0.2982347905635834
77,True,0.2692725658416748
78,True,0.33065107464790344
79,False,0.25936684012413025
80,True,0.2760542631149292
81,True,0.3390178680419922
82,True,0.3173656463623047
83,True,0.30076998472213745
84,True,0.2673942446708679
85,True,0.30398255586624146
86,True,0.3249208331108093
87,True,0.2857903838157654
88,True,0.3081165552139282
89,True,0.3576969802379608
90,True,0.3619093894958496
91,True,0.3105895519256592
92,True,0.3312980532646179
93,True,0.27320384979248047
94,True,0.29446303844451904
95,True,0.35555949807167053
96,True,0.2811218500137329
97,False,0.2549692690372467
98,True,0.3665807545185089
99,True,0.26980116963386536
100,True,0.32722383737564087
101,True,0.2781306505203247
102,True,0.30145949125289917
103,True,0.3137686252593994
104,True,0.2989627718925476
105,True,0.3234677314758301
106,True,0.32748842239379883
107,True,0.34509050846099854
108,True,0.28210705518722534
109,False,0.23966377973556519
110,False,0.25843435525894165
111,False,0.2302505075931549
112,True,0.32876938581466675
113,True,0.2729540467262268
114,True,0.3566988706588745
115,True,0.2906060814857483
116,True,0.3339897692203522
117,False,0.2532033622264862
118,True,0.30022871494293213
119,True,0.3204369843006134
120,True,0.3050422966480255
121,True,0.34074848890304565
122,True,0.3437046408653259
123,True,0.3539699614048004
124,True,0.35151010751724243
125,False,0.2170686423778534
126,True,0.2978348731994629
127,True,0.34524261951446533
128,True,0.31434911489486694
129,True,0.32106900215148926
130,True,0.3968884348869324
131,True,0.3328966498374939
132,True,0.2899938225746155
133,True,0.28716573119163513
134,True,0.2655601501464844
135,True,0.2897902727127075
136,True,0.2773372530937195
137,True,0.33027204871177673
138,True,0.33416271209716797
139,True,0.3067058026790619
140,True,0.27178841829299927
141,True,0.3712531626224518
142,True,0.29853639006614685
143,True,0.3959369659423828
144,True,0.28496265411376953
145,True,0.313689649105072
146,True,0.329745352268219
147,True,0.3153759241104126
148,False,0.22720366716384888
149,True,0.301718533039093
150,True,0.3111029863357544
151,True,0.34120744466781616
152,True,0.3123396635055542
153,False,0.24212463200092316
154,True,0.36683881282806396
155,True,0.3076450824737549
156,True,0.298020601272583
157,True,0.2839798033237457
158,True,0.31679970026016235
159,True,0.2941265106201172
160,True,0.3591528534889221
161,False,0.24859806895256042
162,True,0.33291158080101013
163,True,0.2968563437461853
164,False,0.2440178394317627
165,True,0.26628732681274414
166,True,0.2912222743034363
167,True,0.3153477907180786
168,True,0.3000778555870056
169,False,0.2324906885623932
170,False,0.21606841683387756
171,True,0.27966398000717163
172,False,0.2567867636680603
173,True,0.27661895751953125
174,True,0.26855769753456116
175,False,0.16124777495861053
176,False,0.2547212243080139
177,True,0.26957038044929504
178,False,0.2586394250392914
179,True,0.29874834418296814
180,True,0.2698383033275604
181,True,0.275566041469574
182,False,0.24997739493846893
183,True,0.2822282314300537
184,True,0.2686919569969177
185,False,0.2453295886516571
186,False,0.22418659925460815
187,False,0.24986886978149414
188,False,0.2537548542022705
189,True,0.2950602173805237
190,True,0.27465328574180603
191,True,0.2715865969657898
192,True,0.2717610001564026
193,False,0.2581694722175598
194,False,0.24911659955978394
195,True,0.26852160692214966
196,False,0.20326733589172363
197,True,0.28189754486083984
198,True,0.27389249205589294
199,True,0.28104040026664734
200,True,0.30763161182403564
201,True,0.2868429720401764
202,False,0.25526928901672363
203,False,0.25289493799209595
204,False,0.22005511820316315
205,False,0.25882986187934875
206,True,0.26649338006973267
207,True,0.26486313343048096
208,False,0.22214941680431366
209,False,0.25549033284187317
210,False,0.2523611783981323
211,False,0.22065486013889313
212,True,0.2654631435871124
213,True,0.2789030075073242
214,False,0.24150758981704712
215,False,0.259943425655365
216,True,0.27088749408721924
217,True,0.2671055197715759
218,False,0.2560562491416931
219,False,0.21291044354438782
220,True,0.2890443801879883
221,True,0.2721771001815796
222,True,0.2752881944179535
223,True,0.27817457914352417
224,True,0.2904936671257019
225,False,0.22547182440757751
226,True,0.29850906133651733
227,True,0.2906607985496521
228,True,0.27989596128463745
229,False,0.24518880248069763
230,True,0.26297885179519653
231,True,0.2983074188232422
232,True,0.26705268025398254
233,True,0.28396886587142944
234,True,0.31109732389450073
235,False,0.21677231788635254
236,True,0.2661169171333313
237,True,0.28171104192733765
238,False,0.21459642052650452
239,True,0.27214962244033813
240,False,0.2366665005683899
241,True,0.2628777027130127
242,True,0.27172017097473145
243,False,0.23351642489433289
244,True,0.2935008704662323
245,True,0.27652624249458313
246,True,0.26510584354400635
247,True,0.27131474018096924
248,False,0.2410479485988617
249,False,0.2510531544685364
250,False,0.25691691040992737
251,True,0.2733784317970276
252,True,0.26817983388900757
253,True,0.2918715178966522
254,True,0.30405545234680176
255,True,0.308185875415802
256,True,0.28315186500549316
257,False,0.2513427734375
258,True,0.2986906170845032
259,True,0.2782785892486572
260,True,0.2730540335178375
261,True,0.2824871242046356
262,True,0.3119048774242401
263,False,0.24902458488941193
264,True,0.32563984394073486
265,False,0.25114643573760986
266,True,0.2768208980560303
267,True,0.29210352897644043
268,False,0.23196843266487122
269,True,0.28782886266708374
270,False,0.21805258095264435
271,True,0.2773081958293915
272,False,0.25276026129722595
273,False,0.2538648843765259
274,True,0.29751408100128174
275,True,0.282815158367157
276,True,0.2829117774963379
277,True,0.29167285561561584
278,True,0.2813947796821594
279,True,0.3028738498687744
280,False,0.24879111349582672
281,False,0.22033512592315674
282,True,0.27940821647644043
283,False,0.250203013420105
284,False,0.2455206662416458
285,True,0.3169418275356293
286,True,0.27750712633132935
287,True,0.2947145104408264
288,False,0.2559085488319397
289,False,0.25523123145103455
290,False,0.23780286312103271
291,True,0.28124722838401794
292,True,0.26959115266799927
293,True,0.29501479864120483
294,True,0.2982630729675293
295,True,0.27551352977752686
296,True,0.29411208629608154
297,False,0.23883594572544098
298,True,0.2668154835700989
299,True,0.2684817314147949
300,False,0.24814444780349731
301,False,0.21960914134979248
302,False,0.23943613469600677
303,True,0.27074962854385376
304,True,0.30780231952667236
305,True,0.2675064504146576
306,False,0.2258100062608719
307,True,0.28255558013916016
308,True,0.2835109829902649
309,False,0.24991919100284576
310,False,0.2524527609348297
311,True,0.267699271440506
312,True,0.29322487115859985
313,True,0.2904966473579407
314,True,0.2643442749977112
315,True,0.2745881676673889
316,True,0.29934802651405334
317,True,0.2854917049407959
318,True,0.2748717963695526
319,True,0.27539747953414917
320,True,0.2787034511566162
321,True,0.26317811012268066
322,True,0.27890992164611816
323,False,0.21978381276130676
324,False,0.22595401108264923
325,True,0.27392271161079407
326,False,0.2595959007740021
327,False,0.251740425825119
328,False,0.2309930920600891
329,False,0.220596045255661
330,True,0.2961922883987427
331,True,0.36883801221847534
332,False,0.2209365963935852
333,True,0.36316969990730286
334,True,0.2611827254295349
335,False,0.20740270614624023
336,True,0.3038143515586853
337,False,0.21327070891857147
338,True,0.33577024936676025
339,False,0.22094252705574036
340,True,0.2759612500667572
341,False,0.24610570073127747
342,True,0.33922749757766724
343,False,0.2193876951932907
344,False,0.2544705867767334
345,True,0.3163488507270813
346,False,0.20242267847061157
347,True,0.29225707054138184
348,True,0.30034807324409485
349,True,0.35981255769729614
350,True,0.2801256775856018
351,True,0.3174726366996765
352,True,0.29574695229530334
353,True,0.272574782371521
354,False,0.23685505986213684
355,True,0.2797188460826874
356,True,0.37918466329574585
357,False,0.1695399284362793
358,True,0.3018621802330017
359,True,0.3336682617664337
360,False,0.20990557968616486
361,True,0.2948959767818451
362,True,0.35838577151298523
363,True,0.38641655445098877
364,True,0.3564761281013489
365,False,0.23296988010406494
366,True,0.28281086683273315
367,False,0.25125184655189514
368,True,0.31960076093673706
369,True,0.32918351888656616
370,True,0.370053231716156
371,True,0.3158171772956848
372,True,0.30579566955566406
373,True,0.3547918200492859
374,True,0.2786882817745209
375,False,0.2504070997238159
376,True,0.3133048415184021
377,False,0.2129976451396942
378,False,0.25631117820739746
379,False,0.23924672603607178
380,False,0.18347737193107605
381,True,0.26065778732299805
382,False,0.23712807893753052
383,False,0.24110986292362213
384,False,0.2172512263059616
385,True,0.29867449402809143
386,True,0.3818807005882263
387,True,0.32266223430633545
388,True,0.2812691926956177
389,True,0.279511421918869
390,False,0.22017262876033783
391,False,0.25633853673934937
392,True,0.3237766921520233
393,True,0.3139934539794922
394,False,0.20715470612049103
395,False,0.203080415725708
396,True,0.3800727128982544
397,True,0.29278144240379333
398,True,0.33028751611709595
399,True,0.3114902973175049
400,False,0.18386498093605042
401,True,0.2834601402282715
402,False,0.2388068437576294
403,True,0.282134085893631
404,True,0.27451568841934204
405,True,0.2832624316215515
406,False,0.20807653665542603
407,True,0.3499685525894165
408,True,0.2904290556907654
409,False,0.2460925281047821
410,True,0.33784106373786926
411,False,0.2280646711587906
412,False,0.21624547243118286
413,False,0.23555564880371094
414,False,0.2168331742286682
415,True,0.2688426673412323
416,False,0.23257777094841003
417,False,0.2507797181606293
418,True,0.3457567095756531
419,True,0.31542810797691345
420,False,0.20690128207206726
421,True,0.29817402362823486
422,True,0.2640669643878937
423,False,0.19536571204662323
424,False,0.19816139340400696
425,False,0.23049041628837585
426,True,0.3362715244293213
427,False,0.22749802470207214
428,True,0.2733065187931061
429,False,0.24972954392433167
430,True,0.31011003255844116
431,False,0.2231351137161255
432,True,0.28192412853240967
433,False,0.23044337332248688
434,False,0.23445092141628265
435,True,0.338505357503891
436,True,0.2732717990875244
437,False,0.21598464250564575
438,True,0.29660317301750183
439,False,0.25256818532943726
440,True,0.35539376735687256
441,True,0.29901742935180664
442,True,0.4138500392436981
443,True,0.35506880283355713
444,True,0.3010965883731842
445,True,0.30748802423477173
446,False,0.24736183881759644
447,True,0.27203917503356934
448,True,0.3467128872871399
449,False,0.22226151823997498
450,True,0.2605079114437103
451,False,0.19635167717933655
452,True,0.3433087468147278
453,False,0.25386106967926025
454,True,0.37018945813179016
455,False,0.22893841564655304
456,True,0.3404194414615631
457,True,0.3100636601448059
458,True,0.2655789852142334
459,False,0.19985106587409973
460,False,0.24678653478622437
461,False,0.2124304622411728
462,True,0.2605894207954407
463,True,0.26948249340057373
464,True,0.3029102087020874
465,False,0.2290472388267517
466,True,0.3236235976219177
467,True,0.2677854895591736
468,True,0.2764819860458374
469,True,0.32847923040390015
470,True,0.3545032739639282
471,False,0.2597024738788605
472,False,0.20222146809101105
473,False,0.2551201581954956
474,False,0.2374347746372223
475,True,0.28602954745292664
476,True,0.3081795871257782
477,False,0.2255338728427887
478,False,0.23935368657112122
479,False,0.2591927647590637
480,True,0.3595542907714844
481,True,0.26561397314071655
482,False,0.19649583101272583
483,True,0.32906579971313477
484,True,0.2692214846611023
485,True,0.360316663980484
486,False,0.16176657378673553
487,True,0.28246837854385376
488,True,0.2760748565196991
489,True,0.3018457889556885
490,True,0.319085955619812
491,True,0.2724354863166809
492,True,0.27349501848220825
493,True,0.30564433336257935
494,True,0.32232362031936646
495,True,0.26564016938209534
496,True,0.3277440667152405
497,True,0.3046989142894745
498,True,0.2984459400177002
499,True,0.27785396575927734
500,False,0.20985358953475952
501,True,0.3215910792350769
502,True,0.3052545189857483
503,True,0.33295363187789917
504,True,0.30518269538879395
505,True,0.303314745426178
506,False,0.25055885314941406
507,True,0.31788429617881775
508,True,0.2708154618740082
509,True,0.31037378311157227
510,True,0.32919514179229736
511,False,0.21588490903377533
512,True,0.2778276801109314
513,True,0.27338582277297974
514,True,0.30116066336631775
515,True,0.3110397160053253
516,True,0.31031307578086853
517,True,0.27925172448158264
518,False,0.25152331590652466
519,True,0.31356191635131836
520,True,0.3410891592502594
521,True,0.32364290952682495
522,True,0.3385629653930664
523,True,0.28330832719802856
524,True,0.33818483352661133
525,True,0.3082769513130188
526,False,0.24355313181877136
527,False,0.2382698655128479
528,True,0.2933850586414337
529,False,0.19625891745090485
530,True,0.3109244108200073
531,True,0.2795152962207794
532,True,0.33118289709091187
533,True,0.3045516610145569
534,True,0.31767359375953674
535,True,0.29403454065322876
536,True,0.30699634552001953
537,True,0.33095884323120117
538,True,0.27438342571258545
539,True,0.3150039613246918
540,False,0.21121540665626526
541,True,0.31094440817832947
542,False,0.2478131353855133
543,False,0.2559846341609955
544,True,0.2648732662200928
545,True,0.31408804655075073
546,True,0.36427003145217896
547,True,0.33925679326057434
548,False,0.25225234031677246
549,True,0.280830442905426
550,True,0.2681904733181
551,True,0.29295551776885986
552,False,0.199893057346344
553,True,0.30481651425361633
554,True,0.32729989290237427
555,True,0.2999419867992401
556,True,0.3614022433757782
557,True,0.3070896863937378
558,True,0.3151644170284271
559,False,0.24039751291275024
560,True,0.298177570104599
561,True,0.3605128526687622
562,True,0.29002997279167175
563,True,0.33308178186416626
564,True,0.2954506576061249
565,False,0.22578085958957672
566,True,0.3177747428417206
567,True,0.28109443187713623
568,False,0.24475151300430298
569,True,0.2988605797290802
570,True,0.26444870233535767
571,True,0.31305932998657227
572,True,0.32506150007247925
573,False,0.2312300205230713
574,True,0.30880019068717957
575,True,0.3002563714981079
576,True,0.33785945177078247
577,False,0.2449484020471573
578,True,0.30894121527671814
579,False,0.23110437393188477
580,True,0.30042150616645813
581,True,0.2897910475730896
582,True,0.3196510076522827
583,False,0.2528124451637268
584,True,0.29422807693481445
585,True,0.3209807276725769
586,True,0.33030617237091064
587,True,0.29242435097694397
588,False,0.2501692771911621
589,True,0.32259100675582886
590,True,0.30716222524642944
591,True,0.3255688548088074
592,True,0.2729250192642212
593,True,0.3421727120876312
594,True,0.28317806124687195
595,True,0.29167699813842773
596,False,0.24659833312034607
597,True,0.29902637004852295
598,True,0.2907688319683075
599,True,0.3046149015426636
600,True,0.2890082001686096
601,True,0.31223466992378235
602,True,0.3534817099571228
603,True,0.33382558822631836
604,True,0.278118371963501
605,True,0.3463118374347687
606,False,0.2588299810886383
607,True,0.2615486979484558
608,True,0.2666858732700348
609,True,0.28685158491134644
610,True,0.26676321029663086
611,True,0.2839276194572449
612,False,0.25737589597702026
613,True,0.3098048269748688
614,True,0.28452983498573303
615,True,0.28196072578430176
616,True,0.30742916464805603
617,False,0.2412295937538147
618,True,0.3451889753341675
619,True,0.33084836602211
620,True,0.35993528366088867
621,True,0.31488341093063354
622,True,0.2987508773803711
623,True,0.28989285230636597
624,True,0.2760217785835266
625,True,0.28597137331962585
626,False,0.2024068832397461
627,True,0.30434414744377136
628,True,0.26727432012557983
629,False,0.2507374584674835
630,True,0.30401480197906494
631,True,0.26094645261764526
632,True,0.3185802698135376
633,True,0.26543378829956055
634,True,0.3294351100921631
635,True,0.28541451692581177
636,True,0.2851738929748535
637,True,0.3020203411579132
638,True,0.3033466935157776
639,True,0.29674190282821655
640,True,0.2976129651069641
641,True,0.35108891129493713
642,True,0.3562696576118469
643,True,0.2633659243583679
644,False,0.2490207850933075
645,True,0.2740522623062134
646,True,0.305172324180603
647,True,0.2606227397918701
648,True,0.27776259183883667
649,True,0.31819403171539307
650,True,0.2919588088989258
651,True,0.3027789890766144
652,True,0.31405413150787354
653,True,0.26808303594589233
654,True,0.30470526218414307
655,True,0.27080976963043213
656,False,0.23738311231136322
657,True,0.27145087718963623
658,True,0.309764564037323
659,True,0.2988044023513794
660,True,0.3494214117527008
661,False,0.22200720012187958
662,True,0.3301820456981659
663,True,0.2777456045150757
664,True,0.29928988218307495
665,False,0.22320906817913055
666,True,0.28346914052963257
667,True,0.32786229252815247
668,True,0.28084421157836914
669,True,0.2632678151130676
670,False,0.21296709775924683
671,True,0.31724855303764343
672,False,0.23368245363235474
673,True,0.28047382831573486
674,True,0.31035712361335754
675,False,0.22774438560009003
676,True,0.32867205142974854
677,False,0.22538253664970398
678,False,0.25499427318573
679,True,0.32850655913352966
680,True,0.28934621810913086
681,True,0.2856382131576538
682,True,0.30203408002853394
683,False,0.23107559978961945
684,False,0.25157296657562256
685,True,0.30633544921875
686,False,0.2073986977338791
687,False,0.2512185573577881
688,False,0.24328066408634186
689,True,0.34030431509017944
690,True,0.28761476278305054
691,True,0.3107364773750305
692,False,0.24951103329658508
693,False,0.2568298578262329
694,True,0.28334981203079224
695,True,0.32982414960861206
696,True,0.34145572781562805
697,False,0.23206336796283722
698,True,0.2669007182121277
699,True,0.31288421154022217
700,True,0.2622450888156891
701,True,0.30847257375717163
702,False,0.2578263282775879
703,True,0.27225857973098755
704,True,0.3300999701023102
705,False,0.24928107857704163
706,True,0.30871257185935974
707,True,0.2994219660758972
708,True,0.3013261556625366
709,True,0.26520541310310364
710,True,0.3500513732433319
711,False,0.24310967326164246
712,True,0.2616528570652008
713,True,0.29219403862953186
714,True,0.30528920888900757
715,True,0.3678702116012573
716,True,0.3151911497116089
717,True,0.31098994612693787
718,False,0.2492186576128006
719,True,0.2825126647949219
720,True,0.27840444445610046
721,False,0.24099917709827423
722,True,0.37693652510643005
723,False,0.24683557450771332
724,False,0.20509645342826843
725,True,0.26084524393081665
726,True,0.3190438151359558
727,True,0.2888641357421875
728,True,0.2767447233200073
729,True,0.29542478919029236
730,True,0.28833651542663574
731,True,0.2652011811733246
732,True,0.35878366231918335
733,True,0.3162333071231842
734,False,0.19505628943443298
735,False,0.25526559352874756
736,False,0.24172142148017883
737,True,0.26809942722320557
738,False,0.18693500757217407
739,False,0.2206565886735916
740,True,0.28005969524383545
741,True,0.2758864760398865
742,True,0.3457799553871155
743,True,0.27153950929641724
744,False,0.24041748046875
745,True,0.35560891032218933
746,False,0.2554730772972107
747,True,0.3651675581932068
748,True,0.316905677318573
749,False,0.23157091438770294
750,False,0.23818880319595337
751,True,0.32019832730293274
752,True,0.30446693301200867
753,True,0.2853258550167084
754,True,0.30799394845962524
755,True,0.2814587652683258
756,True,0.32850462198257446
757,False,0.23569488525390625
758,True,0.30407029390335083
759,True,0.27652597427368164
760,True,0.29923903942108154
761,True,0.30002957582473755
762,True,0.28215426206588745
763,True,0.28816503286361694
764,True,0.2784346342086792
765,True,0.31872087717056274
766,True,0.28742992877960205
767,True,0.33035480976104736
768,True,0.2615484595298767
769,True,0.28866657614707947
770,False,0.1967470347881317
771,True,0.2693909704685211
772,True,0.36236298084259033
773,True,0.2781563401222229
774,True,0.29949063062667847
775,True,0.2998344302177429
776,False,0.21794652938842773
777,False,0.22579555213451385
778,False,0.2406996488571167
779,True,0.2840949296951294
780,False,0.24409115314483643
781,True,0.30123624205589294
782,True,0.2803056836128235
783,False,0.2520662248134613
784,True,0.29153570532798767
785,True,0.34249550104141235
786,True,0.2771530747413635
787,True,0.31488949060440063
788,True,0.26783764362335205
789,True,0.3018563389778137
790,True,0.3117026388645172
791,False,0.2002396136522293
792,True,0.34944242238998413
793,True,0.3159472942352295
794,True,0.2784471809864044
795,True,0.325121134519577
796,True,0.28074121475219727
797,True,0.28713464736938477
798,True,0.29432886838912964
799,True,0.2994520962238312
800,True,0.3528541326522827
801,False,0.2276407778263092
802,True,0.2858264148235321
803,True,0.3133990168571472
804,False,0.23474431037902832
805,False,0.23811525106430054
806,True,0.28372722864151
807,True,0.3357287645339966
808,True,0.33767107129096985
809,True,0.32429754734039307
810,True,0.2740941345691681
811,False,0.2519510090351105
812,False,0.24990153312683105
813,False,0.23991981148719788
814,False,0.20498846471309662
815,False,0.24260717630386353
816,True,0.30918383598327637
817,True,0.27922323346138
818,True,0.31493616104125977
819,True,0.34616708755493164
820,True,0.3158978819847107
821,True,0.2791072130203247
822,True,0.3558827340602875
823,True,0.30505943298339844
824,True,0.32852089405059814
825,True,0.2703283131122589
826,True,0.31111371517181396
827,False,0.1852962076663971
828,True,0.2885326147079468
829,True,0.3330082297325134
830,True,0.30068743228912354
831,True,0.3036547899246216
832,True,0.27313750982284546
833,True,0.3090462386608124
834,True,0.33534863591194153
835,True,0.3134777545928955
836,True,0.29986363649368286
837,True,0.3183680772781372
838,True,0.3181891441345215
839,True,0.27095407247543335
840,True,0.27186962962150574
841,True,0.3314078450202942
842,True,0.3706003427505493
843,True,0.31405729055404663
844,True,0.30357295274734497
845,True,0.29272782802581787
846,True,0.30512678623199463
847,True,0.3149165213108063
848,True,0.28689825534820557
849,True,0.2831573784351349
850,True,0.3044471740722656
851,True,0.272754043340683
852,True,0.33107513189315796
853,True,0.3647386431694031
854,True,0.3581211566925049
855,True,0.3767242431640625
856,True,0.3600333034992218
857,False,0.2579055428504944
858,False,0.22761482000350952
859,True,0.31637293100357056
860,False,0.24597427248954773
861,True,0.3250162899494171
862,True,0.36495551466941833
863,True,0.3791638910770416
864,True,0.2908562123775482
865,False,0.24165073037147522
866,True,0.3526454567909241
867,True,0.316310316324234
868,True,0.336411714553833
869,True,0.2785344421863556
870,False,0.2348768264055252
871,False,0.2230670154094696
872,True,0.33241623640060425
873,True,0.310866117477417
874,True,0.32321035861968994
875,True,0.319961816072464
876,True,0.2910265326499939
877,True,0.3306390643119812
878,False,0.2530921399593353
879,True,0.31517013907432556
880,True,0.26202672719955444
881,True,0.26399701833724976
882,True,0.2623586058616638
883,True,0.30966246128082275
884,True,0.28790223598480225
885,True,0.3816499412059784
886,True,0.3073456287384033
887,False,0.2412717044353485
888,True,0.3138396143913269
889,True,0.30135369300842285
890,True,0.28691017627716064
891,True,0.3009636402130127
892,True,0.3130860924720764
893,True,0.28433889150619507
894,False,0.2199312001466751
895,True,0.280992329120636
896,True,0.30957910418510437
897,True,0.30386024713516235
898,True,0.34777718782424927
899,True,0.2990962266921997
900,True,0.2972528338432312
901,True,0.3493693172931671
902,True,0.34954142570495605
903,True,0.29710665345191956
904,True,0.35849857330322266
905,True,0.2767220139503479
906,True,0.3515560030937195
907,True,0.3052580952644348
908,True,0.32919108867645264
909,True,0.34783992171287537
910,True,0.3179900050163269
911,True,0.34119874238967896
912,False,0.19968649744987488
913,True,0.32359784841537476
914,True,0.3642381727695465
915,True,0.34348249435424805
916,True,0.3295734226703644
917,True,0.3536488711833954
918,True,0.28557538986206055
919,True,0.29828885197639465
920,True,0.3218228220939636
921,True,0.36028164625167847
922,True,0.28727391362190247
923,True,0.2983356714248657
924,True,0.28664305806159973
925,True,0.372235506772995
926,False,0.24754194915294647
927,True,0.30622828006744385
928,True,0.2713180184364319
929,True,0.2953534722328186
930,True,0.3092500567436218
931,True,0.3436613082885742
932,True,0.31369829177856445
933,True,0.2833248972892761
934,False,0.2594238519668579
935,True,0.29808950424194336
936,False,0.24107889831066132
937,True,0.2865300178527832
938,True,0.37410521507263184
939,True,0.4087519645690918
940,True,0.2850254476070404
941,True,0.26543885469436646
942,True,0.3174426853656769
943,True,0.33669766783714294
944,True,0.30238455533981323
945,False,0.21050864458084106
946,True,0.2984035909175873
947,True,0.33049091696739197
948,True,0.30616915225982666
949,False,0.25725021958351135
950,True,0.3180508613586426
951,True,0.29131758213043213
952,True,0.2797130346298218
953,True,0.2769215703010559
954,True,0.3427850604057312
955,True,0.2905253469944
956,False,0.2481294870376587
957,True,0.3521725535392761
958,True,0.3024318516254425
959,True,0.3401658535003662
960,False,0.24767446517944336
961,True,0.2711277902126312
962,False,0.2456883192062378
963,True,0.282012403011322
964,True,0.35941049456596375
965,True,0.37880179286003113
966,True,0.32521581649780273
967,True,0.2798829674720764
968,True,0.3020637035369873
969,True,0.26399528980255127
970,True,0.2779509425163269
971,True,0.3478478193283081
972,True,0.2730323076248169
973,True,0.35853224992752075
974,True,0.3121644854545593
975,False,0.24365977942943573
976,True,0.27862274646759033
977,True,0.35030823945999146
978,True,0.26063138246536255
979,True,0.28231140971183777
980,True,0.2977414131164551
981,True,0.2948101758956909
982,True,0.30867382884025574
983,True,0.2786460518836975
984,True,0.32444754242897034
985,True,0.2761737108230591
986,True,0.31094199419021606
987,True,0.3142905831336975
988,True,0.3750852942466736
989,True,0.33464521169662476
990,True,0.32387781143188477
991,False,0.22668316960334778
992,True,0.3074802756309509
993,True,0.27672022581100464
994,False,0.24436312913894653
995,False,0.24985796213150024
996,True,0.29736411571502686
997,True,0.26186293363571167
998,True,0.3572355806827545
999,True,0.32562991976737976
1000,True,0.3068886995315552
1001,True,0.29282820224761963
1002,True,0.3681754469871521
1003,True,0.3327426314353943
1004,True,0.2989376187324524
1005,True,0.2636304199695587
1006,True,0.3055468797683716
1007,True,0.2964916527271271
1008,True,0.31475958228111267
1009,False,0.24783927202224731
1010,True,0.28935298323631287
1011,True,0.2988787889480591
1012,True,0.2894299328327179
1013,True,0.3386600613594055
1014,True,0.30434924364089966
1015,True,0.33175528049468994
1016,True,0.296225368976593
1017,True,0.334469735622406
1018,True,0.27775025367736816
1019,True,0.3206348419189453
1020,True,0.28929877281188965
1021,False,0.25318199396133423
1022,True,0.29189127683639526
1023,False,0.25501322746276855
1024,False,0.23714523017406464
1025,True,0.27927541732788086
1026,True,0.2601044476032257
1027,True,0.31502068042755127
1028,True,0.2993376851081848
1029,True,0.2623608112335205
1030,True,0.31352829933166504
1031,False,0.22236521542072296
1032,True,0.3214881420135498
1033,True,0.33908694982528687
1034,True,0.3359152376651764
1035,True,0.3056444525718689
1036,True,0.2650071084499359
1037,False,0.222154900431633
1038,True,0.3223145306110382
1039,False,0.2560477554798126
1040,True,0.2893953323364258
1041,True,0.2969268262386322
1042,True,0.2705678343772888
1043,True,0.3850158154964447
1044,True,0.33186736702919006
1045,True,0.36119627952575684
1046,True,0.2739771902561188
1047,True,0.3426630198955536
1048,True,0.33817368745803833
1049,True,0.34268319606781006
1050,True,0.3439427614212036
1051,True,0.30909866094589233
1052,True,0.3005211353302002
1053,False,0.1983747035264969
1054,True,0.2970506548881531
1055,True,0.2776094675064087
1056,True,0.27581948041915894
1057,True,0.29312098026275635
1058,True,0.27896928787231445
1059,True,0.3299338221549988
1060,False,0.2143355906009674
1061,True,0.295804888010025
1062,True,0.3115614652633667
1063,False,0.22949247062206268
1064,True,0.28779569268226624
1065,True,0.369588702917099
1066,False,0.2509692907333374
1067,True,0.2603258788585663
1068,True,0.2969244718551636
1069,True,0.3083222508430481
1070,False,0.2535744905471802
1071,True,0.31688904762268066
1072,True,0.26269131898880005
1073,False,0.24259603023529053
1074,True,0.27488675713539124
1075,True,0.30756810307502747
1076,True,0.34219759702682495
1077,True,0.3353920578956604
1078,True,0.27568304538726807
1079,True,0.2853315770626068
1080,True,0.3123311400413513
1081,False,0.25570255517959595
1082,False,0.24817362427711487
1083,True,0.3156253397464752
1084,True,0.29142847657203674
1085,True,0.3165799677371979
1086,True,0.2882311940193176
1087,True,0.3137381672859192
1088,True,0.3473065495491028
1089,False,0.24584665894508362
1090,True,0.3045097589492798
1091,True,0.3101561367511749
1092,True,0.367794007062912
1093,True,0.3199557960033417
1094,True,0.3263387680053711
1095,True,0.28569304943084717
1096,True,0.3684835135936737
1097,True,0.2963870167732239
1098,True,0.2936323285102844
1099,True,0.2757822871208191
1100,True,0.3540802597999573
1101,True,0.2995324432849884
1102,True,0.28185904026031494
1103,True,0.3536265790462494
1104,False,0.20508119463920593
1105,True,0.3461838960647583
1106,False,0.21842706203460693
1107,True,0.31043314933776855
1108,True,0.2947906255722046
1109,False,0.22397461533546448
1110,True,0.2873704433441162
1111,True,0.31285983324050903
1112,True,0.31173378229141235
1113,True,0.3377496004104614
1114,True,0.32207709550857544
1115,True,0.29906165599823
1116,True,0.2924404740333557
1117,True,0.3039197027683258
1118,True,0.2924911677837372
1119,True,0.3689926266670227
1120,True,0.34642913937568665
1121,True,0.3025720715522766
1122,True,0.3763319253921509
1123,True,0.343511164188385
1124,True,0.31908994913101196
1125,True,0.3667396903038025
1126,True,0.2751363515853882
1127,True,0.3330223858356476
1128,True,0.2811621427536011
1129,True,0.400270015001297
1130,False,0.2572019398212433
1131,True,0.31895989179611206
1132,True,0.2991151213645935
1133,True,0.33689841628074646
1134,True,0.34626147150993347
1135,True,0.27880412340164185
1136,True,0.35553136467933655
1137,True,0.31332987546920776
1138,True,0.32308924198150635
1139,True,0.295110285282135
1140,True,0.2855833172798157
1141,True,0.30455487966537476
1142,True,0.26643747091293335
1143,True,0.33617109060287476
1144,True,0.3079175651073456
1145,False,0.19789087772369385
1146,True,0.33918672800064087
1147,True,0.312788724899292
1148,True,0.2890584468841553
1149,True,0.3008081316947937
1150,False,0.255423903465271
1151,True,0.3719387650489807
1152,True,0.27038878202438354
1153,True,0.29174721240997314
1154,True,0.27127397060394287
1155,True,0.2910509705543518
1156,True,0.3431667685508728
1157,False,0.24048960208892822
1158,True,0.2638455331325531
1159,True,0.3039051294326782
1160,False,0.22649598121643066
1161,False,0.20212212204933167
1162,True,0.2917482852935791
1163,False,0.25075334310531616
1164,True,0.2668408751487732
1165,True,0.3008885383605957
1166,True,0.27978751063346863
1167,True,0.2623823583126068
1168,True,0.302749902009964
1169,True,0.2921513617038727
1170,True,0.28843605518341064
1171,False,0.2272816151380539
1172,True,0.28144991397857666
1173,True,0.28884589672088623
1174,True,0.2642248272895813
1175,False,0.2513784170150757
1176,False,0.2247629016637802
1177,True,0.3197180926799774
1178,True,0.2608201205730438
1179,True,0.2624379098415375
1180,False,0.25526705384254456
1181,False,0.23129037022590637
1182,True,0.28161975741386414
1183,True,0.2913247048854828
1184,False,0.17960546910762787
1185,False,0.25684458017349243
1186,True,0.3097634017467499
1187,True,0.30231931805610657
1188,False,0.23619496822357178
1189,True,0.32321739196777344
1190,True,0.30608856678009033
1191,True,0.2802097797393799
1192,True,0.29084837436676025
1193,False,0.23187965154647827
1194,False,0.21360653638839722
1195,True,0.2678912281990051
1196,True,0.2760606110095978
1197,True,0.27489805221557617
1198,False,0.23873239755630493
1199,True,0.2751099169254303
1200,True,0.2640845775604248
1201,True,0.26946496963500977
1202,True,0.27588021755218506
1203,True,0.2888888418674469
1204,False,0.25187116861343384
1205,False,0.22376790642738342
1206,True,0.32283997535705566
1207,False,0.2539036273956299
1208,True,0.2691498398780823
1209,False,0.2591894865036011
1210,False,0.23932582139968872
1211,False,0.25011491775512695
1212,True,0.2753288745880127
1213,False,0.240277960896492
1214,True,0.31655630469322205
1215,True,0.27949637174606323
1216,True,0.3095511198043823
1217,True,0.3031729459762573
1218,True,0.306408166885376
1219,True,0.2691943049430847
1220,False,0.2521955072879791
1221,False,0.24457955360412598
1222,True,0.2798212766647339
1223,True,0.281590074300766
1224,False,0.2359866499900818
1225,False,0.2468220293521881
1226,True,0.28285977244377136
1227,True,0.32754814624786377
1228,True,0.26355457305908203
1229,True,0.33605605363845825
1230,False,0.21370409429073334
1231,True,0.28771543502807617
1232,True,0.26340046525001526
1233,True,0.26097041368484497
1234,True,0.2635909616947174
1235,False,0.256338894367218
1236,True,0.26342958211898804
1237,False,0.25045815110206604
1238,True,0.30345648527145386
1239,True,0.30628734827041626
1240,True,0.26548951864242554
1241,False,0.18352463841438293
1242,True,0.27575594186782837
1243,True,0.282787561416626
1244,True,0.26592376828193665
1245,True,0.2855435907840729
1246,True,0.29880279302597046
1247,True,0.27854323387145996
1248,True,0.2730732560157776
1249,False,0.23357626795768738
1250,True,0.29970794916152954
1251,False,0.18080845475196838
1252,True,0.2971864938735962
1253,True,0.3040027320384979
1254,True,0.2847837209701538
1255,False,0.23819775879383087
1256,True,0.27210211753845215
1257,True,0.2915891408920288
1258,True,0.2917327582836151
1259,True,0.30641454458236694
1260,True,0.27929627895355225
1261,True,0.2667783200740814
1262,True,0.2756657600402832
1263,False,0.2518320083618164
1264,False,0.2568627893924713
1265,False,0.2426605075597763
1266,False,0.18052661418914795
1267,True,0.3040370047092438
1268,False,0.23596933484077454
1269,True,0.28187334537506104
1270,False,0.24477574229240417
1271,False,0.2489139884710312
1272,True,0.3013324737548828
1273,False,0.23293137550354004
1274,True,0.2880082130432129
1275,True,0.2957702875137329
1276,True,0.2722734808921814
1277,True,0.29151082038879395
1278,True,0.29578500986099243
1279,True,0.2622818350791931
1280,False,0.24683715403079987
1281,False,0.24552156031131744
1282,False,0.24130915105342865
1283,False,0.21009567379951477
1284,False,0.24446342885494232
1285,True,0.29653650522232056
1286,True,0.2820262908935547
1287,True,0.3158448338508606
1288,True,0.30701708793640137
1289,False,0.23611222207546234
1290,True,0.29549479484558105
1291,True,0.31730055809020996
1292,True,0.2734595537185669
1293,True,0.30817562341690063
1294,False,0.2432788461446762
1295,True,0.2725319266319275
1296,True,0.2861862778663635
1297,True,0.2678224742412567
1298,True,0.3043781816959381
1299,True,0.2722775936126709
1300,True,0.26401934027671814
1301,False,0.23349961638450623
1302,False,0.2518055737018585
1303,True,0.2797573506832123
1304,True,0.2678529620170593
1305,False,0.19826683402061462
1306,True,0.2842824459075928
1307,False,0.25512954592704773
1308,False,0.23222841322422028
1309,True,0.2675768733024597
1310,True,0.31271564960479736
1311,False,0.23415976762771606
1312,False,0.2346319854259491
1313,True,0.28550082445144653
1314,True,0.26842254400253296
1315,True,0.29973751306533813
1316,False,0.22361350059509277
1317,True,0.2720053195953369
1318,False,0.255145788192749
1319,False,0.20395946502685547
1320,True,0.336200475692749
1321,False,0.25757700204849243
1322,True,0.31653833389282227
1323,False,0.25558096170425415
1324,True,0.29837766289711
1325,True,0.2859557271003723
1326,False,0.23664578795433044
1327,True,0.28288084268569946
1328,False,0.2488824427127838
1329,True,0.29957258701324463
1330,False,0.20493482053279877
1331,False,0.24476060271263123
1332,True,0.2615673542022705
1333,False,0.2305062860250473
1334,False,0.22138145565986633
1335,True,0.2657151222229004
1336,False,0.20843416452407837
1337,True,0.3094083368778229
1338,True,0.2842937409877777
1339,True,0.2717800736427307
1340,False,0.20226150751113892
1341,False,0.2287377119064331
1342,False,0.23242801427841187
1343,True,0.26408520340919495
1344,True,0.29120689630508423
1345,False,0.2599377930164337
1346,False,0.18736203014850616
1347,False,0.2216053307056427
1348,True,0.3160875737667084
1349,False,0.23808550834655762
1350,False,0.23144420981407166
1351,False,0.228703111410141
1352,True,0.309436172246933
1353,True,0.2694110572338104
1354,True,0.2783368229866028
1355,True,0.2788943946361542
1356,True,0.31390541791915894
1357,True,0.26565420627593994
1358,True,0.26555296778678894
1359,True,0.26395153999328613
1360,True,0.31413817405700684
1361,False,0.24481426179409027
1362,True,0.278816282749176
1363,False,0.20278623700141907
1364,True,0.27754145860671997
1365,True,0.26679229736328125
1366,True,0.26337459683418274
1367,True,0.30352210998535156
1368,True,0.2780628204345703
1369,False,0.193190336227417
1370,True,0.2795475125312805
1371,False,0.22039318084716797
1372,False,0.21228623390197754
1373,False,0.24596434831619263
1374,False,0.23118692636489868
1375,True,0.27436715364456177
1376,True,0.28464213013648987
1377,True,0.2662202715873718
1378,True,0.26563727855682373
1379,False,0.24976646900177002
1380,False,0.24077078700065613
1381,True,0.2853553593158722
1382,True,0.2629731297492981
1383,True,0.29127994179725647
1384,False,0.18700054287910461
1385,False,0.2369673252105713
1386,False,0.25029465556144714
1387,False,0.22624745965003967
1388,True,0.3392486572265625
1389,True,0.32094335556030273
1390,True,0.26653191447257996
1391,True,0.29175055027008057
1392,True,0.3215125799179077
1393,True,0.30310696363449097
1394,False,0.23185941576957703
1395,True,0.30379533767700195
1396,False,0.20580798387527466
1397,False,0.17419084906578064
1398,True,0.3147268295288086
1399,False,0.23662124574184418
1400,True,0.2847558259963989
1401,True,0.2918650805950165
1402,True,0.2824722230434418
1403,True,0.30138200521469116
1404,True,0.2789923846721649
1405,False,0.2547053098678589
1406,False,0.2424764484167099
1407,True,0.30695778131484985
1408,True,0.2681562602519989
1409,True,0.3282226324081421
1410,True,0.29358452558517456
1411,False,0.23957359790802002
1412,False,0.20426045358181
1413,False,0.2075207233428955
1414,False,0.21406860649585724
1415,False,0.22932159900665283
1416,True,0.30301356315612793
1417,True,0.27139633893966675
1418,True,0.27629855275154114
1419,False,0.25878867506980896
1420,False,0.2447623312473297
1421,False,0.2535524070262909
1422,False,0.2410019189119339
1423,True,0.27073967456817627
1424,True,0.3164084553718567
1425,False,0.19641414284706116
1426,False,0.23647622764110565
1427,True,0.3001548945903778
1428,True,0.26635462045669556
1429,True,0.2728322148323059
1430,True,0.28014397621154785
1431,True,0.3255254924297333
1432,True,0.3546207547187805
1433,True,0.3597807288169861
1434,True,0.26814186573028564
1435,True,0.2919696569442749
1436,True,0.3367747664451599
1437,True,0.3100892901420593
1438,True,0.3056696057319641
1439,True,0.26379477977752686
1440,True,0.3338603377342224
1441,True,0.2876574993133545
1442,False,0.25847047567367554
1443,False,0.2405518889427185
1444,False,0.2359488606452942
1445,True,0.2636018693447113
1446,True,0.3092067241668701
1447,True,0.3259637653827667
1448,True,0.3179427981376648
1449,False,0.2460542619228363
1450,True,0.3696560561656952
1451,True,0.320241779088974
1452,True,0.3177962005138397
1453,True,0.2742951214313507
1454,True,0.30987775325775146
1455,True,0.2629795968532562
1456,True,0.2879832684993744
1457,True,0.30892354249954224
1458,True,0.2873743176460266
1459,True,0.31599515676498413
1460,True,0.3419531583786011
1461,False,0.2520224153995514
1462,True,0.2842429280281067
1463,False,0.2541014552116394
1464,True,0.30341196060180664
1465,True,0.2631514072418213
1466,False,0.25425440073013306
1467,True,0.29843613505363464
1468,True,0.30383580923080444
1469,True,0.2889317572116852
1470,True,0.3203867971897125
1471,False,0.20750300586223602
1472,True,0.2679430842399597
1473,True,0.34604504704475403
1474,True,0.31580355763435364
1475,False,0.20134566724300385
1476,True,0.30084753036499023
1477,True,0.29090893268585205
1478,True,0.26986974477767944
1479,True,0.3001614212989807
1480,True,0.3310331106185913
1481,True,0.3151727318763733
1482,True,0.3281448483467102
1483,False,0.2573530077934265
1484,False,0.22016774117946625
1485,False,0.2582751512527466
1486,True,0.36340877413749695
1487,True,0.28644490242004395
1488,False,0.257301926612854
1489,False,0.23450997471809387
1490,True,0.28342169523239136
1491,True,0.3104058504104614
1492,False,0.23930993676185608
1493,True,0.2860965132713318
1494,True,0.3094799518585205
1495,True,0.2804705798625946
1496,True,0.2844882309436798
1497,False,0.24342955648899078
1498,False,0.2443023920059204
1499,True,0.2949177026748657
1500,False,0.22604237496852875
1501,True,0.30249425768852234
1502,True,0.3168788552284241
1503,True,0.2718709707260132
1504,True,0.28832608461380005
1505,True,0.26476871967315674
1506,True,0.3226720690727234
1507,True,0.33197546005249023
1508,True,0.3319828510284424
1509,True,0.2705150842666626
1510,True,0.27871012687683105
1511,True,0.30084797739982605
1512,True,0.2868573069572449
1513,True,0.32986363768577576
1514,True,0.2623995542526245
1515,True,0.312633216381073
1516,False,0.2393343299627304
1517,True,0.2609727084636688
1518,True,0.37549853324890137
1519,True,0.2947979271411896
1520,True,0.31804829835891724
1521,True,0.30182647705078125
1522,False,0.19085067510604858
1523,True,0.3061663806438446
1524,True,0.2690610885620117
1525,True,0.2978026866912842
1526,True,0.2791757881641388
1527,True,0.28191864490509033
1528,False,0.24669888615608215
1529,True,0.3013039231300354
1530,False,0.25953564047813416
1531,True,0.33668115735054016
1532,True,0.29864633083343506
1533,True,0.32680460810661316
1534,True,0.2716079652309418
1535,True,0.2969014048576355
1536,True,0.3187818229198456
1537,False,0.20599418878555298
1538,True,0.3038483262062073
1539,True,0.2682027220726013
1540,True,0.3058928847312927
1541,False,0.238189697265625
1542,True,0.28173843026161194
1543,True,0.28451699018478394
1544,False,0.2513805031776428
1545,True,0.3275744915008545
1546,True,0.30374109745025635
1547,True,0.36356139183044434
1548,True,0.2984650135040283
1549,True,0.2839448153972626
1550,False,0.2104763686656952
1551,True,0.3132765293121338
1552,True,0.2791423201560974
1553,True,0.30699509382247925
1554,True,0.2849673628807068
1555,True,0.34714174270629883
1556,True,0.27241647243499756
1557,False,0.20777179300785065
1558,True,0.26723769307136536
1559,True,0.30195361375808716
1560,True,0.33315545320510864
1561,True,0.3267017602920532
1562,True,0.28738734126091003
1563,True,0.28906485438346863
1564,True,0.3980386257171631
1565,True,0.3600478768348694
1566,True,0.3502008318901062
1567,False,0.23918373882770538
1568,True,0.31643062829971313
1569,False,0.23496106266975403
1570,False,0.24031254649162292
1571,False,0.2383846640586853
1572,False,0.2514585256576538
1573,True,0.2783393859863281
1574,False,0.2585076093673706
1575,True,0.34018760919570923
1576,True,0.37640315294265747
1577,True,0.2855643928050995
1578,True,0.27270564436912537
1579,False,0.23470044136047363
1580,True,0.30187174677848816
1581,True,0.2745492458343506
1582,True,0.32939913868904114
1583,False,0.24546736478805542
1584,False,0.2389703243970871
1585,False,0.24535928666591644
1586,True,0.2879215478897095
1587,True,0.27667438983917236
1588,True,0.2616865038871765
1589,True,0.2770422697067261
1590,True,0.2836647033691406
1591,True,0.30327922105789185
1592,True,0.309589147567749
1593,True,0.3334115147590637
1594,True,0.30936771631240845
1595,True,0.2658458948135376
1596,True,0.2915911078453064
1597,True,0.3081871569156647
1598,True,0.2610553503036499
1599,True,0.3591691255569458
1600,True,0.3013439476490021
1601,True,0.3120194375514984
1602,False,0.25903066992759705
1603,True,0.34614187479019165
1604,False,0.25031381845474243
1605,False,0.24473068118095398
1606,True,0.3285127282142639
1607,False,0.23161281645298004
1608,True,0.2708011269569397
1609,False,0.22124537825584412
1610,True,0.3297290802001953
1611,True,0.27655136585235596
1612,True,0.3157312870025635
1613,True,0.31132012605667114
1614,True,0.2640559673309326
1615,True,0.29202982783317566
1616,True,0.30466610193252563
1617,True,0.2983202040195465
1618,True,0.28908655047416687
1619,True,0.3310873210430145
1620,True,0.3227020502090454
1621,True,0.27760475873947144
1622,True,0.3328474462032318
1623,False,0.2558029294013977
1624,True,0.27684295177459717
1625,True,0.27060991525650024
1626,True,0.2964719831943512
1627,False,0.22116851806640625
1628,True,0.2707598805427551
1629,True,0.3074489235877991
1630,True,0.3373044431209564
1631,True,0.2745603919029236
1632,True,0.3013051152229309
1633,False,0.2430257350206375
1634,True,0.31169670820236206
1635,True,0.3512198328971863
1636,True,0.3245009779930115
1637,False,0.21821069717407227
1638,True,0.3189549148082733
1639,False,0.2448144257068634
1640,True,0.33069121837615967
1641,True,0.2844896614551544
1642,False,0.25912946462631226
1643,True,0.29492121934890747
1644,True,0.3079604208469391
1645,True,0.29097723960876465
1646,True,0.3482411503791809
1647,True,0.2916693091392517
1648,True,0.39364856481552124
1649,True,0.2621867060661316
1650,False,0.18758516013622284
1651,True,0.2978394329547882
1652,True,0.28715136647224426
1653,True,0.26322120428085327
1654,True,0.291404664516449
1655,True,0.301250159740448
1656,True,0.3475935161113739
1657,True,0.2882000207901001
1658,True,0.3151753544807434
1659,True,0.27505743503570557
1660,False,0.23881471157073975
1661,True,0.317047655582428
1662,True,0.2786673307418823
1663,True,0.2757894992828369
1664,False,0.22647497057914734
1665,True,0.3172163963317871
1666,True,0.40581536293029785
1667,True,0.3040180206298828
1668,False,0.23983705043792725
1669,True,0.29529091715812683
1670,True,0.32257455587387085
1671,True,0.26110196113586426
1672,True,0.3093577027320862
1673,True,0.3367466330528259
1674,True,0.2695513963699341
1675,True,0.3273242115974426
1676,False,0.23507338762283325
1677,False,0.237844318151474
1678,True,0.37489598989486694
1679,True,0.3520427346229553
1680,False,0.2556314468383789
1681,True,0.35890501737594604
1682,True,0.26758819818496704
1683,False,0.23367080092430115
1684,True,0.29147928953170776
1685,False,0.24280120432376862
1686,True,0.3468945026397705
1687,True,0.3046843409538269
1688,True,0.363066166639328
1689,True,0.3005235195159912
1690,False,0.2077617645263672
1691,False,0.22940519452095032
1692,True,0.31241467595100403
1693,True,0.3447055220603943
1694,True,0.2983173727989197
1695,True,0.29850780963897705
1696,True,0.29820698499679565
1697,True,0.2672301232814789
1698,True,0.292860746383667
1699,True,0.2613627314567566
1700,True,0.3104587197303772
1701,True,0.26084911823272705
1702,False,0.24789193272590637
1703,True,0.3312212824821472
1704,True,0.27732592821121216
1705,True,0.34307169914245605
1706,False,0.1969030201435089
1707,True,0.32187193632125854
1708,True,0.2915151119232178
1709,True,0.37425604462623596
1710,True,0.2753629684448242
1711,True,0.28168389201164246
1712,True,0.272275447845459
1713,True,0.3181922435760498
1714,True,0.2997153401374817
1715,True,0.28417977690696716
1716,True,0.2816506028175354
1717,True,0.3276437819004059
1718,True,0.30483555793762207
1719,True,0.30753812193870544
1720,True,0.31572985649108887
1721,True,0.3371373116970062
1722,True,0.30240577459335327
1723,True,0.2848614752292633
1724,True,0.29840758442878723
1725,True,0.2910255193710327
1726,True,0.33675846457481384
1727,True,0.2769712209701538
1728,False,0.2444813996553421
1729,False,0.24690750241279602
1730,True,0.29741960763931274
1731,True,0.3469303250312805
1732,True,0.3042408525943756
1733,True,0.32773399353027344
1734,True,0.26546987891197205
1735,True,0.30056482553482056
1736,True,0.30797600746154785
1737,False,0.2519938349723816
1738,False,0.23535731434822083
1739,False,0.24510279297828674
1740,True,0.30590564012527466
1741,True,0.26808780431747437
1742,False,0.2394358068704605
1743,True,0.3309440314769745
1744,True,0.3125495910644531
1745,True,0.2809087038040161
1746,True,0.3041149377822876
1747,True,0.2949427366256714
1748,True,0.3146868944168091
1749,True,0.31531932950019836
1750,True,0.3020937442779541
1751,False,0.2572129964828491
1752,True,0.33344030380249023
1753,False,0.25142988562583923
1754,False,0.22337377071380615
1755,True,0.3132328391075134
1756,True,0.2748247981071472
1757,False,0.2374504655599594
1758,True,0.33304500579833984
1759,True,0.29694172739982605
1760,False,0.2588459253311157
1761,False,0.23019883036613464
1762,True,0.2961331605911255
1763,False,0.24864797294139862
1764,False,0.25140511989593506
1765,True,0.30506253242492676
1766,True,0.2706671357154846
1767,True,0.2894299328327179
1768,True,0.27299487590789795
1769,True,0.2644892930984497
1770,True,0.29495328664779663
1771,True,0.29642003774642944
1772,True,0.3050641119480133
1773,True,0.33303213119506836
1774,True,0.2737949788570404
1775,True,0.2653695344924927
1776,False,0.25908344984054565
1777,False,0.14966538548469543
1778,True,0.3348338007926941
1779,False,0.2574487328529358
1780,True,0.2908773720264435
1781,False,0.22590401768684387
1782,True,0.263744592666626
1783,True,0.2737494111061096
1784,True,0.27550843358039856
1785,True,0.2903059720993042
1786,True,0.27492058277130127
1787,True,0.27721020579338074
1788,False,0.2208823710680008
1789,True,0.32277369499206543
1790,False,0.23599398136138916
1791,True,0.31308674812316895
1792,True,0.28755924105644226
1793,False,0.24838252365589142
1794,False,0.21980495750904083
1795,False,0.21115967631340027
1796,True,0.2904003858566284
1797,True,0.3046497404575348
1798,False,0.2259608656167984
1799,True,0.2783321738243103
1800,True,0.26668986678123474
1801,False,0.18792486190795898
1802,False,0.21530047059059143
1803,False,0.24939598143100739
1804,False,0.22680166363716125
1805,True,0.30059850215911865
1806,False,0.15966951847076416
1807,True,0.3052954375743866
1808,True,0.2924075424671173
1809,False,0.2185349315404892
1810,True,0.3012881875038147
1811,False,0.23759135603904724
1812,False,0.23631849884986877
1813,True,0.298916757106781
1814,True,0.2731276750564575
1815,False,0.25394144654273987
1816,True,0.27963316440582275
1817,True,0.26531144976615906
1818,True,0.2818453907966614
1819,True,0.27555131912231445
1820,False,0.22554698586463928
1821,True,0.2635711133480072
1822,True,0.30575475096702576
1823,True,0.29105180501937866
1824,True,0.29957443475723267
1825,True,0.3041829466819763
1826,True,0.2695223093032837
1827,False,0.24371081590652466
1828,True,0.26532116532325745
1829,True,0.2643382251262665
1830,False,0.2522761821746826
1831,True,0.2969490885734558
1832,True,0.3008965253829956
1833,False,0.25626271963119507
1834,False,0.24284309148788452
1835,True,0.28271257877349854
1836,False,0.2106039673089981
1837,False,0.2290017008781433
1838,True,0.2906075716018677
1839,False,0.2597775459289551
1840,True,0.27172285318374634
1841,True,0.27509570121765137
1842,False,0.257163941860199
1843,False,0.23250514268875122
1844,False,0.2081713080406189
1845,False,0.22728405892848969
1846,True,0.29073482751846313
1847,False,0.21136954426765442
1848,False,0.18359865248203278
1849,False,0.22106219828128815
1850,True,0.27844473719596863
1851,True,0.29021739959716797
1852,True,0.27237850427627563
1853,True,0.2838417887687683
1854,False,0.2260349541902542
1855,True,0.2845228612422943
1856,False,0.20942433178424835
1857,False,0.23354116082191467
1858,True,0.26590070128440857
1859,True,0.29648590087890625
1860,True,0.31083905696868896
1861,False,0.23326775431632996
1862,True,0.30227038264274597
1863,True,0.2651856541633606
1864,True,0.27751946449279785
1865,False,0.2357763946056366
1866,False,0.1924690306186676
1867,False,0.25007691979408264
1868,True,0.2963430881500244
1869,False,0.24250371754169464
1870,True,0.29160594940185547
1871,False,0.15369778871536255
1872,True,0.2641804814338684
1873,False,0.2555655241012573
1874,True,0.262721985578537
1875,True,0.3153727948665619
1876,True,0.2914411425590515
1877,False,0.2161262333393097
1878,True,0.27590569853782654
1879,True,0.2807447016239166
1880,True,0.2661783695220947
1881,True,0.27207428216934204
1882,True,0.31743037700653076
1883,False,0.22881348431110382
1884,True,0.277658075094223
1885,True,0.2872152328491211
1886,False,0.21564815938472748
1887,False,0.20443792641162872
1888,True,0.27706992626190186
1889,False,0.25322097539901733
1890,False,0.17531909048557281
1891,True,0.2862188220024109
1892,True,0.3055664896965027
1893,True,0.2616059184074402
1894,False,0.18081988394260406
1895,True,0.2710861265659332
1896,False,0.2545064091682434
1897,True,0.2962476313114166
1898,False,0.2589111030101776
1899,True,0.2934333086013794
1900,True,0.26152265071868896
1901,False,0.19251590967178345
1902,True,0.29661473631858826
1903,False,0.24756112694740295
1904,True,0.279878705739975
1905,False,0.17946317791938782
1906,False,0.25644662976264954
1907,False,0.24049705266952515
1908,True,0.2798852324485779
1909,True,0.28233784437179565
1910,False,0.21242393553256989
1911,True,0.29110920429229736
1912,False,0.2522761821746826
1913,True,0.27001142501831055
1914,True,0.3511332869529724
1915,True,0.2775917649269104
1916,False,0.21054571866989136
1917,True,0.2787313461303711
1918,True,0.27867281436920166
1919,True,0.2963523268699646
1920,True,0.2877436876296997
1921,True,0.2679305970668793
1922,False,0.2441415637731552
1923,True,0.2631181478500366
1924,True,0.26540225744247437
1925,True,0.27069908380508423
1926,False,0.2445046603679657
1927,False,0.241220623254776
1928,True,0.2933303713798523
1929,False,0.2441740334033966
1930,True,0.2860240936279297
1931,False,0.22149573266506195
1932,True,0.311836302280426
1933,True,0.28432977199554443
1934,True,0.33594924211502075
1935,True,0.3337462842464447
1936,True,0.2821286916732788
1937,True,0.29641908407211304
1938,True,0.27996826171875
1939,True,0.29100024700164795
1940,True,0.3256855905056
1941,True,0.29711005091667175
1942,True,0.287889301776886
1943,True,0.2732570171356201
1944,True,0.3298082947731018
1945,True,0.2856573462486267
1946,True,0.3321874141693115
1947,True,0.2742372751235962
1948,True,0.2613621950149536
1949,True,0.32050013542175293
1950,True,0.3800537586212158
1951,True,0.29738110303878784
1952,False,0.23929372429847717
1953,True,0.2913774847984314
1954,True,0.2969765067100525
1955,True,0.2926490306854248
1956,False,0.23474490642547607
1957,True,0.3250681757926941
1958,True,0.30858761072158813
1959,True,0.2906358242034912
1960,True,0.38598328828811646
1961,False,0.2586648166179657
1962,False,0.23982582986354828
1963,True,0.29899612069129944
1964,True,0.2882746458053589
1965,True,0.282778799533844
1966,True,0.27035170793533325
1967,True,0.30453479290008545
1968,True,0.33893752098083496
1969,True,0.2904251515865326
1970,True,0.318903386592865
1971,True,0.28458869457244873
1972,True,0.3018973469734192
1973,True,0.34559208154678345
1974,True,0.3375418484210968
1975,True,0.2827262282371521
1976,True,0.3262088894844055
1977,True,0.2735280990600586
1978,True,0.3087584376335144
1979,True,0.3031931221485138
1980,True,0.29140788316726685
1981,False,0.2533431649208069
1982,True,0.33470427989959717
1983,True,0.3201543688774109
1984,True,0.28557664155960083
1985,True,0.3044738173484802
1986,True,0.32249516248703003
1987,False,0.2263714075088501
1988,True,0.3040958642959595
1989,True,0.32090795040130615
1990,True,0.31769365072250366
1991,True,0.3061949908733368
1992,True,0.30064108967781067
1993,True,0.3240618109703064
1994,True,0.2626935839653015
1995,True,0.308133602142334
1996,True,0.34629151225090027
1997,True,0.3208209276199341
1998,True,0.34513068199157715
1999,True,0.3009876608848572
2000,False,0.25115272402763367
2001,True,0.30239659547805786
2002,True,0.29003432393074036
2003,True,0.31548964977264404
2004,False,0.24367929995059967
2005,False,0.2438933402299881
2006,True,0.27630800008773804
2007,True,0.289753794670105
2008,True,0.35274678468704224
2009,True,0.3140472173690796
2010,True,0.3192499876022339
2011,True,0.32943588495254517
2012,False,0.24302490055561066
2013,True,0.34390485286712646
2014,True,0.33875301480293274
2015,False,0.23838455975055695
2016,True,0.3298757076263428
2017,True,0.3233458697795868
2018,True,0.3287394642829895
2019,False,0.241084486246109
2020,False,0.2541664242744446
2021,True,0.302299439907074
2022,True,0.29834645986557007
2023,True,0.34743940830230713
2024,True,0.3012538552284241
2025,False,0.24946512281894684
2026,True,0.2878260612487793
2027,True,0.3180192708969116
2028,True,0.30298399925231934
2029,True,0.26639291644096375
2030,True,0.2626623809337616
2031,True,0.36516350507736206
2032,True,0.293070912361145
2033,True,0.32922083139419556
2034,True,0.3545501232147217
2035,False,0.2101294845342636
2036,True,0.35696274042129517
2037,True,0.2734316885471344
2038,False,0.22116893529891968
2039,True,0.30581915378570557
2040,True,0.2706601619720459
2041,True,0.2853850722312927
2042,True,0.3201838731765747
2043,False,0.2389998584985733
2044,True,0.2763306200504303
2045,True,0.3259045481681824
2046,True,0.3266889154911041
2047,True,0.3070998191833496
2048,True,0.27505719661712646
2049,True,0.27917003631591797
2050,True,0.29312726855278015
2051,True,0.3089933395385742
2052,True,0.30495670437812805
2053,True,0.3775365650653839
2054,True,0.2974216938018799
2055,True,0.37371131777763367
2056,True,0.3044968545436859
2057,True,0.28903090953826904
2058,True,0.3474365472793579
2059,True,0.30686113238334656
2060,True,0.2601747214794159
2061,False,0.22303853929042816
2062,True,0.36269131302833557
2063,True,0.3164055049419403
2064,True,0.3178858160972595
2065,True,0.26676973700523376
2066,False,0.23599284887313843
2067,True,0.3201717734336853
2068,True,0.3086927533149719
2069,True,0.30567222833633423
2070,True,0.27389994263648987
2071,True,0.2745879888534546
2072,True,0.2746366262435913
2073,True,0.2778463363647461
2074,True,0.31336063146591187
2075,False,0.2417667806148529
2076,True,0.319056898355484
2077,True,0.27162596583366394
2078,True,0.3116527795791626
2079,True,0.2765164375305176
2080,True,0.31874945759773254
2081,False,0.21522590517997742
2082,True,0.3071439266204834
2083,True,0.3673303723335266
2084,False,0.2589336037635803
2085,True,0.33870041370391846
2086,True,0.3449126183986664
2087,True,0.31023114919662476
2088,True,0.2926613390445709
2089,True,0.28453999757766724
2090,True,0.28579553961753845
2091,True,0.3119451403617859
2092,True,0.2741359770298004
2093,True,0.34659624099731445
2094,True,0.27993690967559814
2095,True,0.29331594705581665
2096,False,0.24909761548042297
2097,True,0.2996579110622406
2098,False,0.23997609317302704
2099,True,0.29285475611686707
2100,True,0.3157954216003418
2101,True,0.2721962332725525
2102,True,0.2648531198501587
2103,True,0.3379952907562256
2104,True,0.32481932640075684
2105,True,0.3071485161781311
2106,True,0.34688258171081543
2107,True,0.3378315567970276
2108,True,0.27099061012268066
2109,True,0.295540452003479
2110,True,0.3358405530452728
2111,True,0.3318893611431122
2112,True,0.2735145390033722
2113,True,0.38238227367401123
2114,True,0.280494749546051
2115,True,0.32832247018814087
2116,True,0.330116331577301
2117,True,0.3239927291870117
2118,True,0.28161585330963135
2119,True,0.29679104685783386
2120,True,0.3036171793937683
2121,True,0.31293177604675293
2122,True,0.2772279977798462
2123,True,0.32207632064819336
2124,True,0.33142226934432983
2125,True,0.27633044123649597
2126,True,0.38122817873954773
2127,True,0.2952879071235657
2128,True,0.29937008023262024
2129,True,0.2671459913253784
2130,True,0.2997952997684479
2131,True,0.325678288936615
2132,False,0.25972217321395874
2133,True,0.29078057408332825
2134,True,0.2732991576194763
2135,False,0.2475793957710266
2136,True,0.26077800989151
2137,False,0.258884996175766
2138,True,0.2925417423248291
2139,True,0.34345489740371704
2140,True,0.3205951750278473
2141,False,0.2581064701080322
2142,True,0.39978134632110596
2143,True,0.3699594736099243
2144,True,0.29180270433425903
2145,True,0.31292691826820374
2146,True,0.3184226453304291
2147,True,0.37183839082717896
2148,True,0.2990090548992157
2149,True,0.35071009397506714
2150,True,0.40139490365982056
2151,True,0.28467798233032227
2152,True,0.3573604226112366
2153,True,0.27796849608421326
2154,True,0.2917296290397644
2155,True,0.34465718269348145
2156,True,0.3635391592979431
2157,True,0.28188052773475647
2158,True,0.2966356575489044
2159,True,0.326973557472229
2160,True,0.2647477388381958
2161,True,0.3600994348526001
2162,False,0.2565689980983734
2163,True,0.2686527967453003
2164,True,0.3163023591041565
2165,True,0.37665319442749023
2166,True,0.32805460691452026
2167,True,0.31216222047805786
2168,True,0.3325580358505249
2169,True,0.3522534668445587
2170,True,0.308922678232193
2171,True,0.3094940185546875
2172,True,0.3256109654903412
2173,True,0.34964412450790405
2174,True,0.3371827304363251
2175,True,0.35187333822250366
2176,False,0.25650590658187866
2177,True,0.37123915553092957
2178,True,0.2812345027923584
2179,False,0.2599567770957947
2180,True,0.3417532444000244
2181,False,0.25920185446739197
2182,True,0.377066433429718
2183,True,0.26332569122314453
2184,True,0.3835051357746124
2185,True,0.3015249967575073
2186,True,0.35410505533218384
2187,True,0.29258832335472107
2188,True,0.35224583745002747
2189,True,0.2662273049354553
2190,True,0.37144070863723755
2191,True,0.3190104365348816
2192,True,0.31823253631591797
2193,True,0.29626521468162537
2194,True,0.2947728633880615
2195,True,0.2983207106590271
2196,True,0.3175671398639679
2197,True,0.28812575340270996
2198,True,0.27825042605400085
2199,True,0.3046856224536896
2200,True,0.28911834955215454
2201,False,0.239982008934021
2202,True,0.31080716848373413
2203,True,0.33831027150154114
2204,True,0.2796715497970581
2205,True,0.3094233274459839
2206,True,0.33128923177719116
2207,True,0.26153919100761414
2208,True,0.2950524687767029
2209,True,0.27233031392097473
2210,True,0.32889679074287415
2211,True,0.3209933936595917
2212,True,0.31781482696533203
2213,True,0.2624112665653229
2214,True,0.3198137879371643
2215,True,0.3970973491668701
2216,True,0.26837942004203796
2217,False,0.2288113385438919
2218,True,0.2901977300643921
2219,True,0.343289852142334
2220,True,0.32091617584228516
2221,True,0.3231017291545868
2222,True,0.33669716119766235
2223,True,0.28555721044540405
2224,False,0.2255266010761261
2225,True,0.2657129764556885
2226,True,0.33245885372161865
2227,True,0.3273565173149109
2228,True,0.31558263301849365
2229,True,0.3045804798603058
2230,True,0.29877394437789917
2231,True,0.3061750829219818
2232,True,0.28595855832099915
2233,True,0.3675575256347656
2234,True,0.2703200578689575
2235,True,0.4017642140388489
2236,True,0.29265713691711426
2237,True,0.3201414942741394
2238,True,0.29416584968566895
2239,True,0.32041025161743164
2240,True,0.2888926565647125
2241,True,0.2801171541213989
2242,True,0.2795255184173584
2243,True,0.28653737902641296
2244,True,0.2941160500049591
2245,True,0.2799777686595917
2246,False,0.24332594871520996
2247,True,0.2922413945198059
2248,True,0.3867780566215515
2249,True,0.3078291416168213
2250,True,0.28012773394584656
2251,False,0.24471800029277802
2252,True,0.2797009348869324
2253,True,0.2740795314311981
2254,True,0.2976434528827667
2255,True,0.3216729760169983
2256,True,0.2918913960456848
2257,True,0.265410453081131
2258,True,0.34272390604019165
2259,True,0.26924893260002136
2260,True,0.26176899671554565
2261,True,0.31560754776000977
2262,False,0.23121032118797302
2263,True,0.3304566442966461
2264,True,0.29612812399864197
2265,True,0.3532632291316986
2266,True,0.3532341718673706
2267,True,0.32581043243408203
2268,True,0.3184458911418915
2269,True,0.3013165295124054
2270,False,0.1962236911058426
2271,True,0.2910475730895996
2272,True,0.2955739200115204
2273,True,0.293692409992218
2274,True,0.3173907697200775
2275,True,0.31959250569343567
2276,False,0.25332748889923096
2277,False,0.1950201690196991
2278,True,0.2898113429546356
2279,True,0.3642295002937317
2280,True,0.3102928698062897
2281,True,0.28447872400283813
2282,True,0.2658959925174713
2283,True,0.302557110786438
2284,True,0.32421115040779114
2285,True,0.34105589985847473
2286,True,0.3213900327682495
2287,False,0.22711947560310364
2288,True,0.2657111585140228
2289,True,0.35110414028167725
2290,True,0.3466264009475708
2291,True,0.3010592758655548
2292,True,0.3223543167114258
2293,True,0.3537368178367615
2294,False,0.2501315474510193
2295,False,0.25097060203552246
2296,True,0.2704501450061798
2297,True,0.2798742651939392
2298,True,0.31973743438720703
2299,True,0.27978456020355225
2300,True,0.31333833932876587
2301,True,0.3499078154563904
2302,True,0.3208548128604889
2303,False,0.21269813179969788
2304,True,0.3512656092643738
2305,True,0.3420160114765167
2306,True,0.28320616483688354
2307,True,0.35009104013442993
2308,True,0.2907632291316986
2309,True,0.3599895238876343
2310,False,0.24429750442504883
2311,True,0.26329734921455383
2312,True,0.2985473573207855
2313,False,0.24060943722724915
2314,True,0.2919435501098633
2315,False,0.25017523765563965
2316,True,0.26400065422058105
2317,True,0.3206450045108795
2318,True,0.34231024980545044
2319,False,0.24407958984375
2320,False,0.25239962339401245
2321,True,0.26756858825683594
2322,True,0.2860714793205261
2323,False,0.2550097405910492
2324,True,0.28744250535964966
2325,True,0.32896116375923157
2326,True,0.3884771466255188
2327,True,0.30883684754371643
2328,False,0.18841810524463654
2329,False,0.24754789471626282
2330,True,0.2971492409706116
2331,True,0.28276050090789795
2332,False,0.24711479246616364
2333,True,0.32159292697906494
2334,True,0.2753642201423645
2335,True,0.3155190944671631
2336,True,0.2891903519630432
2337,False,0.2579925060272217
2338,False,0.22087609767913818
2339,True,0.2841729521751404
2340,True,0.3234948515892029
2341,True,0.28103941679000854
2342,True,0.30074968934059143
2343,True,0.31353554129600525
2344,True,0.33465009927749634
2345,True,0.35027962923049927
2346,True,0.3384883999824524
2347,True,0.2914562225341797
2348,True,0.30233168601989746
2349,True,0.31300973892211914
2350,True,0.3496394455432892
2351,True,0.3126366138458252
2352,True,0.2834078073501587
2353,False,0.22181066870689392
2354,True,0.36377227306365967
2355,False,0.2433813512325287
2356,True,0.27754753828048706
2357,True,0.3732699751853943
2358,True,0.30977749824523926
2359,True,0.32036536931991577
2360,True,0.2846863865852356
2361,True,0.277571439743042
2362,True,0.38414645195007324
2363,True,0.27939853072166443
2364,False,0.22955158352851868
2365,True,0.3113763928413391
2366,True,0.26401054859161377
2367,True,0.2739779055118561
2368,True,0.29004520177841187
2369,False,0.25346577167510986
2370,True,0.3063070774078369
2371,True,0.3178887367248535
2372,True,0.35538285970687866
2373,True,0.3323664665222168
2374,True,0.36565765738487244
2375,True,0.29836779832839966
2376,True,0.3073693513870239
2377,True,0.29392319917678833
2378,False,0.24692869186401367
2379,False,0.23362623155117035
2380,True,0.27019110321998596
2381,True,0.3519235849380493
2382,True,0.3806374967098236
2383,True,0.32577061653137207
2384,True,0.31289970874786377
2385,True,0.4094533324241638
2386,True,0.350553035736084
2387,True,0.3070608973503113
2388,True,0.3504684269428253
2389,True,0.31561800837516785
2390,True,0.26687920093536377
2391,True,0.32994845509529114
2392,True,0.3176954388618469
2393,True,0.29555657505989075
2394,False,0.24352392554283142
2395,False,0.21850526332855225
2396,False,0.21406137943267822
2397,True,0.29010581970214844
2398,True,0.2777162194252014
2399,True,0.3065888285636902
2400,True,0.2711884379386902
2401,True,0.3373311161994934
2402,True,0.26838335394859314
2403,True,0.3441278636455536
2404,True,0.2809327244758606
2405,False,0.24739478528499603
2406,True,0.28437718749046326
2407,True,0.3086197078227997
2408,False,0.24296995997428894
2409,True,0.29804378747940063
2410,True,0.30290454626083374
2411,True,0.3004801273345947
2412,True,0.28085240721702576
2413,True,0.2738112211227417
2414,True,0.2671855092048645
2415,False,0.24938926100730896
2416,True,0.32715171575546265
2417,True,0.34324243664741516
2418,True,0.28316545486450195
2419,True,0.29225409030914307
2420,False,0.21579402685165405
2421,True,0.3185615539550781
2422,True,0.2787800431251526
2423,False,0.2149137556552887
2424,False,0.19583049416542053
2425,True,0.3198908567428589
2426,True,0.264360636472702
2427,True,0.3182658553123474
2428,True,0.30592262744903564
2429,True,0.2667614817619324
2430,True,0.36156797409057617
2431,True,0.2936705946922302
2432,False,0.23996908962726593
2433,False,0.23815330862998962
2434,True,0.32024648785591125
2435,True,0.363611102104187
2436,True,0.3608924150466919
2437,True,0.2787378132343292
2438,True,0.3138614296913147
2439,True,0.35080671310424805
2440,False,0.19735053181648254
2441,True,0.26854193210601807
2442,True,0.32961252331733704
2443,False,0.2553982734680176
2444,False,0.2542530298233032
2445,True,0.3433683216571808
2446,True,0.3081185221672058
2447,True,0.3126826286315918
2448,True,0.29821091890335083
2449,True,0.2998243570327759
2450,True,0.31393182277679443
2451,True,0.29529261589050293
2452,True,0.30819112062454224
2453,True,0.3529701232910156
2454,True,0.34588557481765747
2455,True,0.33721181750297546
2456,True,0.32097744941711426
2457,True,0.2824435532093048
2458,True,0.3259102702140808
2459,False,0.25710952281951904
2460,False,0.2527645230293274
2461,False,0.2561848759651184
2462,True,0.3210602402687073
2463,False,0.257335901260376
2464,True,0.2983039617538452
2465,True,0.3242861032485962
2466,False,0.20301900804042816
2467,True,0.2964237332344055
2468,True,0.2933174967765808
2469,True,0.3158300518989563
2470,True,0.3149452209472656
2471,False,0.25279444456100464
2472,True,0.3017926514148712
2473,False,0.22290457785129547
2474,True,0.27001655101776123
2475,True,0.2787656784057617
2476,True,0.3128606677055359
2477,True,0.3370181620121002
2478,True,0.30150914192199707
2479,True,0.30560120940208435
2480,True,0.2934225797653198
2481,True,0.2909577488899231
2482,False,0.2538081407546997
2483,True,0.2746909558773041
2484,True,0.30917155742645264
2485,True,0.32416221499443054
2486,True,0.38861769437789917
2487,True,0.2860352396965027
2488,False,0.23886391520500183
2489,True,0.28190773725509644
2490,True,0.29985684156417847
2491,True,0.2923245429992676
2492,True,0.28960591554641724
2493,True,0.30096936225891113
2494,True,0.2876456379890442
2495,True,0.33325302600860596
2496,True,0.3193703889846802
2497,False,0.25887489318847656
2498,True,0.2602000832557678
2499,True,0.2877253293991089
2500,True,0.28756237030029297
2501,False,0.2575386166572571
2502,True,0.27449116110801697
2503,True,0.3215724527835846
2504,True,0.37841808795928955
2505,True,0.2639297544956207
2506,True,0.33351844549179077
2507,True,0.3469710648059845
2508,True,0.2655199468135834
2509,True,0.27453193068504333
2510,True,0.2824722230434418
2511,True,0.2891809940338135
2512,True,0.30987221002578735
2513,True,0.3438514769077301
2514,True,0.31591296195983887
2515,True,0.3281092643737793
2516,True,0.29896044731140137
2517,False,0.24372243881225586
2518,True,0.29578131437301636
2519,True,0.30779504776000977
2520,True,0.27982044219970703
2521,True,0.27715885639190674
2522,True,0.26388871669769287
2523,True,0.3684553802013397
2524,True,0.27910369634628296
2525,True,0.28194528818130493
2526,True,0.3269723057746887
2527,False,0.22536830604076385
2528,True,0.32509905099868774
2529,True,0.3391621708869934
2530,True,0.3010883331298828
2531,True,0.3280470669269562
2532,True,0.27279132604599
2533,True,0.3041624426841736
2534,True,0.3526455760002136
2535,False,0.2593839168548584
2536,True,0.331878662109375
2537,False,0.2528030276298523
2538,True,0.3367501199245453
2539,True,0.27528607845306396
2540,True,0.31937265396118164
2541,True,0.3022727966308594
2542,True,0.2795449495315552
2543,False,0.2184574007987976
2544,False,0.22749222815036774
2545,True,0.31735584139823914
2546,False,0.24435892701148987
2547,False,0.2541519105434418
2548,True,0.2773042917251587
2549,True,0.31726834177970886
2550,True,0.2721133232116699
2551,True,0.34615859389305115
2552,True,0.30369022488594055
2553,True,0.32223767042160034
2554,False,0.20797808468341827
2555,True,0.2654651999473572
2556,True,0.3605937361717224
2557,True,0.32574567198753357
2558,True,0.29843270778656006
2559,True,0.27346277236938477
2560,True,0.2896776795387268
2561,True,0.2976800501346588
2562,True,0.29663705825805664
2563,False,0.2245861291885376
2564,True,0.3070451021194458
2565,True,0.28036776185035706
2566,True,0.351900577545166
2567,True,0.3068932294845581
2568,True,0.3162979781627655
2569,True,0.3401971459388733
2570,True,0.2880191504955292
2571,True,0.32622361183166504
2572,True,0.2818142771720886
2573,True,0.31082725524902344
2574,True,0.3117382526397705
2575,True,0.29108893871307373
2576,True,0.3823544979095459
2577,True,0.2948570251464844
2578,True,0.27977877855300903
2579,True,0.3033396303653717
2580,False,0.2544649839401245
2581,True,0.26591700315475464
2582,True,0.26485562324523926
2583,True,0.32691287994384766
2584,True,0.29802948236465454
2585,True,0.31274113059043884
2586,True,0.2703336775302887
2587,True,0.28964298963546753
2588,True,0.34744274616241455
2589,True,0.2969810366630554
2590,True,0.30077457427978516
2591,False,0.22645941376686096
2592,False,0.2388683408498764
2593,True,0.30858659744262695
2594,True,0.33273205161094666
2595,False,0.24969357252120972
2596,True,0.3068949282169342
2597,True,0.32913047075271606
2598,True,0.29657694697380066
2599,True,0.30531954765319824
2600,True,0.36410781741142273
2601,True,0.31425827741622925
2602,True,0.28308433294296265
2603,True,0.34890586137771606
2604,True,0.26347821950912476
2605,True,0.40190523862838745
2606,True,0.2843018174171448
2607,False,0.2595534920692444
2608,True,0.2634565234184265
2609,True,0.28474339842796326
2610,True,0.2776262164115906
2611,True,0.3134141266345978
2612,True,0.2817755937576294
2613,True,0.28166311979293823
2614,True,0.2972825765609741
2615,False,0.23734769225120544
2616,True,0.28603386878967285
2617,True,0.2612939774990082
2618,True,0.28358110785484314
2619,True,0.28456586599349976
2620,True,0.2636845111846924
2621,True,0.2884424328804016
2622,True,0.32108229398727417
2623,True,0.2868553102016449
2624,True,0.280290812253952
2625,True,0.2999260723590851
2626,True,0.29262465238571167
2627,True,0.2842467725276947
2628,False,0.2305212765932083
2629,True,0.32037895917892456
2630,True,0.284673810005188
2631,True,0.2725822925567627
2632,False,0.1925387978553772
2633,False,0.22708967328071594
2634,True,0.28009748458862305
2635,True,0.2745985984802246
2636,False,0.21558921039104462
2637,False,0.2498369812965393
2638,False,0.24998702108860016
2639,False,0.1985487937927246
2640,True,0.2771831154823303
2641,False,0.1522175669670105
2642,False,0.23420986533164978
2643,True,0.26528453826904297
2644,False,0.25760090351104736
2645,False,0.2258562445640564
2646,False,0.23628966510295868
2647,True,0.30235499143600464
2648,False,0.1898561418056488
2649,True,0.2990347743034363
2650,True,0.2868514060974121
2651,True,0.3008214831352234
2652,True,0.276161789894104
2653,True,0.28866448998451233
2654,True,0.26633888483047485
2655,True,0.26975011825561523
2656,True,0.2774633467197418
2657,False,0.22908446192741394
2658,False,0.2541588544845581
2659,True,0.2879568934440613
2660,False,0.2398463487625122
2661,True,0.27921146154403687
2662,False,0.2504696846008301
2663,True,0.31512346863746643
2664,False,0.24792474508285522
2665,True,0.2739543914794922
2666,False,0.1494171917438507
2667,True,0.3123994469642639
2668,True,0.27255767583847046
2669,True,0.2788734436035156
2670,False,0.24318984150886536
2671,True,0.2775608003139496
2672,True,0.28895699977874756
2673,True,0.2793610692024231
2674,False,0.2123216837644577
2675,False,0.22591164708137512
2676,True,0.2724851965904236
2677,False,0.2359098494052887
2678,True,0.3202665448188782
2679,True,0.27614420652389526
2680,False,0.25575849413871765
2681,True,0.27448976039886475
2682,True,0.281993567943573
2683,True,0.27672094106674194
2684,True,0.30962300300598145
2685,True,0.33997735381126404
2686,False,0.22998052835464478
2687,True,0.29322299361228943
2688,True,0.267748087644577
2689,True,0.2654815912246704
2690,True,0.28277599811553955
2691,True,0.2801287770271301
2692,True,0.2902834117412567
2693,False,0.23507371544837952
2694,True,0.27265000343322754
2695,True,0.2727183997631073
2696,True,0.3009759783744812
2697,True,0.36160576343536377
2698,True,0.3245653510093689
2699,True,0.27825772762298584
2700,True,0.28568997979164124
2701,True,0.2854562997817993
2702,False,0.21595090627670288
2703,True,0.2872944474220276
2704,True,0.29096707701683044
2705,True,0.2785396873950958
2706,True,0.31184056401252747
2707,True,0.31250351667404175
2708,True,0.2893791198730469
2709,True,0.29134994745254517
2710,True,0.3284194767475128
2711,False,0.25600993633270264
2712,True,0.2933328151702881
2713,True,0.27997416257858276
2714,False,0.207963228225708
2715,True,0.27160388231277466
2716,True,0.3075278401374817
2717,True,0.29662269353866577
2718,True,0.2811567783355713
2719,True,0.2852340340614319
2720,True,0.32822421193122864
2721,True,0.30567795038223267
2722,False,0.23583589494228363
2723,True,0.29820144176483154
2724,True,0.3432781994342804
2725,False,0.21475714445114136
2726,True,0.3255053758621216
2727,False,0.25873255729675293
2728,False,0.24227681756019592
2729,True,0.2607250511646271
2730,True,0.2743927240371704
2731,True,0.30195528268814087
2732,True,0.29741740226745605
2733,True,0.2694617211818695
2734,False,0.2308783382177353
2735,True,0.26900583505630493
2736,True,0.27988049387931824
2737,True,0.2885684370994568
2738,False,0.21884289383888245
2739,True,0.2893286645412445
2740,True,0.2643507719039917
2741,True,0.2994422912597656
2742,True,0.2735711336135864
2743,True,0.2807356119155884
2744,True,0.2790071964263916
2745,True,0.3373645842075348
2746,True,0.2783619165420532
2747,True,0.2600003182888031
2748,True,0.31116828322410583
2749,True,0.3093886375427246
2750,True,0.29451096057891846
2751,False,0.23416146636009216
2752,True,0.2797902524471283
2753,True,0.2700895667076111
2754,False,0.25052857398986816
2755,False,0.21501585841178894
2756,True,0.28471529483795166
2757,True,0.29795485734939575
2758,True,0.2714794874191284
2759,False,0.231415793299675
2760,False,0.23836660385131836
2761,True,0.2903258204460144
2762,True,0.26946717500686646
2763,True,0.29197633266448975
2764,False,0.20180369913578033
2765,True,0.30371326208114624
2766,False,0.2585432529449463
2767,True,0.26113903522491455
2768,False,0.2005128562450409
2769,True,0.3008444011211395
2770,True,0.30088263750076294
2771,False,0.23940685391426086
2772,True,0.29181092977523804
2773,True,0.3025146722793579
2774,True,0.2787202000617981
2775,True,0.27551698684692383
2776,True,0.2863706350326538
2777,True,0.30853819847106934
2778,True,0.26649755239486694
2779,True,0.3680327236652374
2780,True,0.3140594959259033
2781,True,0.3040323555469513
2782,True,0.26106971502304077
2783,True,0.32197439670562744
2784,False,0.2272709310054779
2785,True,0.270091712474823
2786,True,0.3124505579471588
2787,False,0.21925227344036102
2788,True,0.3064277768135071
2789,False,0.23915114998817444
2790,True,0.3030381202697754
2791,False,0.2595253884792328
2792,False,0.23380546271800995
2793,False,0.24766840040683746
2794,True,0.2857598066329956
2795,False,0.24816657602787018
2796,True,0.2645341753959656
2797,True,0.30110418796539307
2798,True,0.2720523774623871
2799,False,0.2586980164051056
2800,True,0.3124921917915344
2801,True,0.3236197829246521
2802,True,0.2732055187225342
2803,True,0.27159830927848816
2804,True,0.2693980634212494
2805,True,0.32406097650527954
2806,True,0.27241823077201843
2807,True,0.3402402400970459
2808,True,0.3172719478607178
2809,True,0.38052690029144287
2810,False,0.23299473524093628
2811,True,0.2935258150100708
2812,False,0.253924697637558
2813,True,0.29427793622016907
2814,True,0.3061991333961487
2815,True,0.32096993923187256
2816,True,0.2866549491882324
2817,True,0.27889519929885864
2818,True,0.2934209108352661
2819,False,0.2336329221725464
2820,True,0.29667580127716064
2821,True,0.302547425031662
2822,True,0.2974804937839508
2823,True,0.3097069263458252
2824,True,0.2624441385269165
2825,False,0.22027255594730377
2826,True,0.308624804019928
2827,False,0.25713592767715454
2828,True,0.26132678985595703
2829,False,0.2557244300842285
2830,True,0.31535905599594116
2831,True,0.3100834786891937
2832,True,0.3149668574333191
2833,False,0.21400371193885803
2834,True,0.26628410816192627
2835,False,0.259467214345932
2836,True,0.29115915298461914
2837,True,0.33463120460510254
2838,True,0.26147618889808655
2839,True,0.2870687246322632
2840,True,0.2870592474937439
2841,True,0.28811806440353394
2842,True,0.2609094977378845
2843,True,0.2748129069805145
2844,True,0.2807679772377014
2845,True,0.2886836528778076
2846,True,0.3153110146522522
2847,True,0.271872341632843
2848,False,0.24664756655693054
2849,True,0.29608863592147827
2850,True,0.28237253427505493
2851,True,0.39384084939956665
2852,True,0.2888237237930298
2853,True,0.3006036877632141
2854,True,0.3145265579223633
2855,True,0.260140061378479
2856,False,0.24514274299144745
2857,False,0.2477875053882599
2858,False,0.25924503803253174
2859,True,0.27621927857398987
2860,True,0.3390786051750183
2861,False,0.2355111688375473
2862,True,0.3210347294807434
2863,True,0.3011425733566284
2864,True,0.3295663595199585
2865,True,0.3373798429965973
2866,True,0.29579341411590576
2867,True,0.27613717317581177
2868,False,0.20751585066318512
2869,True,0.2707059383392334
2870,True,0.29196345806121826
2871,True,0.3000321388244629
2872,True,0.2869282364845276
2873,True,0.3252444267272949
2874,False,0.23026412725448608
2875,False,0.2254338413476944
2876,False,0.24186408519744873
2877,True,0.2760083079338074
2878,True,0.3180314898490906
2879,True,0.32848796248435974
2880,True,0.29660457372665405
2881,True,0.3301270008087158
2882,True,0.26257139444351196
2883,False,0.2436809241771698
2884,True,0.29593005776405334
2885,True,0.3443778157234192
2886,True,0.2904708683490753
2887,True,0.305899977684021
2888,False,0.25887709856033325
2889,True,0.32162055373191833
2890,False,0.25659066438674927
2891,True,0.3179044723510742
2892,True,0.2881739139556885
2893,False,0.24630779027938843
2894,True,0.2822003960609436
2895,False,0.2035522609949112
2896,True,0.3458508849143982
2897,True,0.2906704545021057
2898,True,0.3166179955005646
2899,False,0.2461363673210144
2900,False,0.24640578031539917
2901,True,0.3230419158935547
2902,True,0.2835487127304077
2903,True,0.31398531794548035
2904,True,0.28459715843200684
2905,True,0.3378371596336365
2906,True,0.3129512667655945
2907,True,0.27603012323379517
2908,True,0.27292564511299133
2909,True,0.3010368347167969
2910,True,0.27418798208236694
2911,False,0.22956079244613647
2912,True,0.2860527038574219
2913,True,0.31085461378097534
2914,False,0.2440575659275055
2915,False,0.2478375881910324
2916,True,0.32789260149002075
2917,True,0.30220282077789307
2918,True,0.26305943727493286
2919,True,0.2989276051521301
2920,True,0.29316020011901855
2921,True,0.30111804604530334
2922,False,0.2315906286239624
2923,True,0.3559655547142029
2924,True,0.31068041920661926
2925,True,0.28677332401275635
2926,True,0.3149030804634094
2927,True,0.35347676277160645
2928,True,0.26440101861953735
2929,True,0.27918487787246704
2930,True,0.2736506760120392
2931,True,0.3210156261920929
2932,True,0.2660001516342163
2933,True,0.269279807806015
2934,True,0.2643338739871979
2935,True,0.2845860719680786
2936,True,0.29950791597366333
2937,True,0.2727292776107788
2938,False,0.24406184256076813
2939,True,0.2801336348056793
2940,True,0.31230753660202026
2941,True,0.31690216064453125
2942,True,0.30914056301116943
2943,True,0.29849761724472046
2944,False,0.2571689188480377
2945,True,0.29846835136413574
2946,False,0.25285249948501587
2947,False,0.2228059470653534
2948,False,0.25607192516326904
2949,True,0.2618789076805115
2950,True,0.2645670473575592
2951,False,0.20590239763259888
2952,True,0.2798677086830139
2953,True,0.27127718925476074
2954,False,0.2522374987602234
2955,False,0.16706448793411255
2956,True,0.27678337693214417
2957,True,0.26738956570625305
2958,True,0.26548102498054504
2959,True,0.28636109828948975
2960,False,0.24305449426174164
2961,False,0.2131434679031372
2962,True,0.29111990332603455
2963,True,0.29370632767677307
2964,False,0.20047631859779358
2965,True,0.31694379448890686
2966,True,0.28428882360458374
2967,True,0.29143792390823364
2968,True,0.26647573709487915
2969,False,0.23332634568214417
2970,False,0.21155677735805511
2971,True,0.31455522775650024
2972,True,0.32151931524276733
2973,False,0.21252909302711487
2974,False,0.21681976318359375
2975,True,0.27824243903160095
2976,True,0.29455694556236267
2977,True,0.3212345838546753
2978,True,0.28934720158576965
2979,True,0.27746009826660156
2980,False,0.22152137756347656
2981,False,0.2544627785682678
2982,False,0.23805654048919678
2983,True,0.264985591173172
2984,True,0.2652933597564697
2985,True,0.26227033138275146
2986,False,0.22151774168014526
2987,True,0.2685145139694214
2988,True,0.2754298448562622
2989,False,0.25669699907302856
2990,True,0.2622620165348053
2991,True,0.27306485176086426
2992,True,0.26345986127853394
2993,False,0.2313213348388672
2994,True,0.2872577905654907
2995,True,0.2903739809989929
2996,True,0.2919549345970154
2997,True,0.28541243076324463
2998,False,0.250352680683136
2999,True,0.2909928560256958
3000,False,0.24315547943115234
3001,False,0.24323230981826782
3002,True,0.2825022339820862
3003,True,0.2795952260494232
3004,True,0.2966972887516022
3005,True,0.26422998309135437
3006,False,0.251752108335495
3007,True,0.27319616079330444
3008,True,0.2939843535423279
3009,False,0.23084376752376556
3010,False,0.23844251036643982
3011,True,0.2955256700515747
3012,True,0.2897183299064636
3013,True,0.2903914153575897
3014,True,0.27266639471054077
3015,True,0.2932852506637573
3016,False,0.22031033039093018
3017,False,0.19332417845726013
3018,True,0.2817848324775696
3019,True,0.26595228910446167
3020,True,0.2656653821468353
3021,False,0.2407732903957367
3022,True,0.26673948764801025
3023,True,0.2950285077095032
3024,False,0.24751883745193481
3025,False,0.23729130625724792
3026,True,0.2660991847515106
3027,True,0.29189831018447876
3028,False,0.2496931254863739
3029,False,0.2519876956939697
3030,False,0.25446629524230957
3031,False,0.2455892711877823
3032,True,0.27108246088027954
3033,True,0.3028144836425781
3034,False,0.2536032795906067
3035,True,0.3118937015533447
3036,True,0.29015111923217773
3037,True,0.2730056643486023
3038,True,0.28779470920562744
3039,False,0.20229500532150269
3040,True,0.28191590309143066
3041,False,0.2357502430677414
3042,True,0.26217907667160034
3043,True,0.2628839313983917
3044,True,0.27511993050575256
3045,True,0.2625289559364319
3046,False,0.22759881615638733
3047,True,0.3036884069442749
3048,False,0.25591564178466797
3049,True,0.31193166971206665
3050,False,0.24684417247772217
3051,True,0.28641316294670105
3052,True,0.27339398860931396
3053,True,0.3063785135746002
3054,False,0.24929895997047424
3055,False,0.24752694368362427
3056,False,0.2466413974761963
3057,False,0.22632881999015808
3058,False,0.2455953061580658
3059,True,0.269913911819458
3060,False,0.1629214882850647
3061,True,0.26068517565727234
3062,False,0.17210425436496735
3063,True,0.26259350776672363
3064,True,0.27447181940078735
3065,False,0.25611886382102966
3066,True,0.26820138096809387
3067,True,0.2815746068954468
3068,False,0.22887355089187622
3069,True,0.2842535972595215
3070,True,0.2746099829673767
3071,False,0.23203185200691223
3072,False,0.2325909584760666
3073,False,0.23176193237304688
3074,False,0.17917943000793457
3075,False,0.24387116730213165
3076,True,0.291996031999588
3077,True,0.28240373730659485
3078,True,0.29476040601730347
3079,False,0.25814250111579895
3080,True,0.2774726152420044
3081,False,0.2581927180290222
3082,True,0.2609170079231262
3083,False,0.21358652412891388
3084,True,0.2716566026210785
3085,False,0.21047598123550415
3086,True,0.26155853271484375
3087,True,0.2978212535381317
3088,True,0.2937130928039551
3089,True,0.276542067527771
3090,True,0.31760144233703613
3091,True,0.2686557471752167
3092,True,0.2976713180541992
3093,True,0.2756475508213043
3094,True,0.32405391335487366
3095,True,0.29160159826278687
3096,False,0.23584887385368347
3097,False,0.20397597551345825
3098,True,0.31788522005081177
3099,True,0.2602309584617615
3100,True,0.2836669087409973
3101,True,0.27751463651657104
3102,True,0.3214433789253235
3103,False,0.25663840770721436
3104,False,0.2086622714996338
3105,True,0.32993432879447937
3106,True,0.2972545027732849
3107,False,0.25671276450157166
3108,False,0.2410273551940918
3109,False,0.22807592153549194
3110,False,0.2333700954914093
3111,True,0.289982408285141
3112,True,0.3389657139778137
3113,True,0.2664782404899597
3114,False,0.25644195079803467
